,base_generated,base_prefixes,changed,date,mirror_from,namespace,sha256_hash,version,metrics.Axioms: Breakdown of axiom types.AnnotationAssertion,metrics.Axioms: Breakdown of axiom types.ClassAssertion,metrics.Axioms: Breakdown of axiom types.DataPropertyAssertion,metrics.Axioms: Breakdown of axiom types.DataPropertyDomain,metrics.Axioms: Breakdown of axiom types.DataPropertyRange,metrics.Axioms: Breakdown of axiom types.Declaration,metrics.Axioms: Breakdown of axiom types.DisjointClasses,metrics.Axioms: Breakdown of axiom types.EquivalentClasses,metrics.Axioms: Breakdown of axiom types.InverseObjectProperties,metrics.Axioms: Breakdown of axiom types.ObjectPropertyAssertion,metrics.Axioms: Breakdown of axiom types.ObjectPropertyDomain,metrics.Axioms: Breakdown of axiom types.ObjectPropertyRange,metrics.Axioms: Breakdown of axiom types.SubClassOf,metrics.Axioms: Breakdown of axiom types.SubDataPropertyOf,metrics.Axioms: Breakdown of axiom types.SubObjectPropertyOf,metrics.Axioms: Number of axioms,metrics.Entities: % of entities reused,metrics.Entities: Number of annotation properties,metrics.Entities: Number of classes,metrics.Entities: Number of data properties,metrics.Entities: Number of individuals,metrics.Entities: Number of object properties,metrics.Entities: Number of unsatisfiable classes,metrics.Info: Breakdown of OWL class expressions used.Class,metrics.Info: Breakdown of OWL class expressions used.ObjectAllValuesFrom,metrics.Info: Breakdown of OWL class expressions used.ObjectIntersectionOf,metrics.Info: Breakdown of OWL class expressions used.ObjectSomeValuesFrom,metrics.Info: Breakdown of OWL class expressions used.ObjectUnionOf,metrics.Info: Does the ontology fall under OWL 2 DL?,metrics.Info: Experimental OBO score._dashboard,metrics.Info: Experimental OBO score._formula,metrics.Info: Experimental OBO score._impact,metrics.Info: Experimental OBO score._impact_external,metrics.Info: Experimental OBO score._reuse,metrics.Info: Experimental OBO score.oboscore,metrics.Info: How many externally documented uses?,metrics.Info: How many ontologies use it?,metrics.Info: Logical consistency,metrics.Info: Syntax,metrics.Info: Usage of namespaces in axioms.owl,metrics.Info: Usage of namespaces in axioms.prefix_unknown,metrics.Info: Usage of namespaces in axioms.rdfs,metrics.Info: Usage of namespaces in axioms.xsd,metrics.Info: Which ontologies use it?,results.FP01 Open.comment,results.FP01 Open.status,results.FP02 Common Format.status,results.FP03 URIs.comment,results.FP03 URIs.file,results.FP03 URIs.status,results.FP04 Versioning.comment,results.FP04 Versioning.status,results.FP05 Scope.comment,results.FP05 Scope.status,results.FP06 Textual Definitions.status,results.FP07 Relations.status,results.FP08 Documented.status,results.FP09 Plurality of Users.comment,results.FP09 Plurality of Users.status,results.FP11 Locus of Authority.comment,results.FP11 Locus of Authority.status,results.FP12 Naming Conventions.status,results.FP16 Maintenance.comment,results.FP16 Maintenance.status,results.FP20 Responsiveness.status,results.ROBOT Report.status,summary.comment,summary.status,summary.summary_count.ERROR,summary.summary_count.INFO,summary.summary_count.WARN,metrics.Axioms: Breakdown of axiom types.AnnotationPropertyRangeOf,metrics.Axioms: Breakdown of axiom types.SubAnnotationPropertyOf,metrics.Info: Usage of namespaces in axioms.IAO,metrics.Info: Usage of namespaces in axioms.OBCS,metrics.Info: Usage of namespaces in axioms.dc,metrics.Info: Usage of namespaces in axioms.dc11,metrics.Info: Usage of namespaces in axioms.prov,metrics.Info: Usage of namespaces in axioms.rdf,metrics.Info: Usage of namespaces in axioms.skos,results.FP20 Responsiveness.comment,metrics.Info: Usage of namespaces in axioms.BFO,metrics.Info: Usage of namespaces in axioms.foaf,metrics.Axioms: Breakdown of axiom types.AsymmetricObjectProperty,metrics.Axioms: Breakdown of axiom types.DisjointObjectProperties,metrics.Axioms: Breakdown of axiom types.FunctionalObjectProperty,metrics.Axioms: Breakdown of axiom types.InverseFunctionalObjectProperty,metrics.Axioms: Breakdown of axiom types.IrrefexiveObjectProperty,metrics.Axioms: Breakdown of axiom types.SubPropertyChainOf,metrics.Axioms: Breakdown of axiom types.SymmetricObjectProperty,metrics.Axioms: Breakdown of axiom types.TransitiveObjectProperty,metrics.Info: Usage of namespaces in axioms.RO,metrics.Info: Usage of namespaces in axioms.oboInOwl,results.FP02 Common Format.comment,metrics.Axioms: Breakdown of axiom types.DisjointUnion,metrics.Axioms: Breakdown of axiom types.FunctionalDataProperty,metrics.Axioms: Breakdown of axiom types.Rule,metrics.Info: Breakdown of OWL class expressions used.DataAllValuesFrom,metrics.Info: Breakdown of OWL class expressions used.DataExactCardinality,metrics.Info: Breakdown of OWL class expressions used.DataHasValue,metrics.Info: Breakdown of OWL class expressions used.DataSomeValuesFrom,metrics.Info: Breakdown of OWL class expressions used.ObjectComplementOf,metrics.Info: Breakdown of OWL class expressions used.ObjectExactCardinality,metrics.Info: Breakdown of OWL class expressions used.ObjectHasValue,metrics.Info: Breakdown of OWL class expressions used.ObjectMinCardinality,metrics.Axioms: Breakdown of axiom types.DifferentIndividuals,metrics.Axioms: Breakdown of axiom types.EquivalentObjectProperties,metrics.Info: Breakdown of OWL class expressions used.DataMinCardinality,metrics.Info: Breakdown of OWL class expressions used.ObjectOneOf,metrics.Info: Usage of namespaces in axioms.APOLLO_SV,metrics.Info: Usage of namespaces in axioms.CHEBI,metrics.Info: Usage of namespaces in axioms.GO,metrics.Info: Usage of namespaces in axioms.OBI,metrics.Info: Usage of namespaces in axioms.OMO,metrics.Info: Usage of namespaces in axioms.PATO,metrics.Info: Usage of namespaces in axioms.PR,metrics.Info: Usage of namespaces in axioms.UO,metrics.Info: Usage of namespaces in axioms.obo,failure,last_ontology_dashboard_run_failed,metrics.Info: Usage of namespaces in axioms.CHMO,metrics.Info: Usage of namespaces in axioms.FIX,metrics.Info: Usage of namespaces in axioms.MS,metrics.Info: Usage of namespaces in axioms.REX,metrics.Axioms: Breakdown of axiom types.ReflexiveObjectProperty,metrics.Info: Breakdown of OWL class expressions used.ObjectMaxCardinality,results.FP08 Documented.comment,metrics.Axioms: Breakdown of axiom types.EquivalentDataProperties,metrics.Axioms: Breakdown of axiom types.AnnotationPropertyDomain,metrics.Info: Usage of namespaces in axioms.schema,metrics.Axioms: Breakdown of axiom types.SameIndividual,metrics.Axioms: Breakdown of axiom types.NegativeObjectPropertyAssertion,metrics.Info: Breakdown of OWL class expressions used.ObjectHasSelf,metrics.Info: Usage of namespaces in axioms.BSPO,metrics.Info: Usage of namespaces in axioms.CARO,metrics.Info: Usage of namespaces in axioms.CL,metrics.Info: Usage of namespaces in axioms.ENVO,metrics.Info: Usage of namespaces in axioms.NBO,metrics.Info: Usage of namespaces in axioms.NCBITaxon,metrics.Info: Usage of namespaces in axioms.PCO,metrics.Info: Usage of namespaces in axioms.SO,metrics.Info: Usage of namespaces in axioms.UBERON,metrics.Axioms: Breakdown of axiom types.DatatypeDefinition,metrics.Info: Breakdown of OWL class expressions used.DataMaxCardinality,metrics.Info: Usage of namespaces in axioms.GAZ,metrics.Info: Usage of namespaces in axioms.BCGO,metrics.Info: Usage of namespaces in axioms.BTO,metrics.Info: Usage of namespaces in axioms.CLO,metrics.Info: Usage of namespaces in axioms.ERO,metrics.Info: Usage of namespaces in axioms.PO,metrics.Axioms: Breakdown of axiom types.DisjointDataProperties,metrics.Info: Usage of namespaces in axioms.NCIT,metrics.Info: Usage of namespaces in axioms.void
0,True,"['AMONTOLOGY', 'AMONTOLOGYALT']",True,2024-06-19 11:33:55.786250,https://raw.githubusercontent.com/ebrahimnorouzi/mseo.github.io/master/Ontology_files/AMONTOLOGY.owl,AMONTOLOGY,7133f7d8813930f6cb18907e055b001cd2713c71dfbcd0ed0b75dc3d715bc621,,89.0,60.0,4.0,4.0,4.0,350.0,6.0,19.0,4.0,99.0,24.0,22.0,605.0,3.0,4.0,1297.0,100.0,1.0,315.0,5.0,57.0,20.0,0.0,1736.0,2.0,27.0,331.0,30.0,False,0.467,(1*impact+1*dashboard)/2,0.0,0.0,1.0,0.234,0.0,0.0,True,RDF/XML Syntax,4.0,2514.0,89.0,8.0,[],Missing ontology license. Missing registry license.,ERROR,PASS,0 invalid IRIs. The Ontology IRI is not valid.,fp3,ERROR,Missing version IRI,ERROR,Missing domain (scope),ERROR,PASS,PASS,PASS,Missing usages,ERROR,Missing contact information,ERROR,PASS,Missing version IRI to check date,ERROR,PASS,PASS,7 errors,ERROR,7.0,0.0,0.0,,,,,,,,,,,,,,,,,,,,,,,,,,,,,,,,,,,,,,,,,,,,,,,,,,,,,,,,,,,,,,,,,,,,,,,,,,,,,,,,,,
1,True,"['ASMO', 'ASMOALT']",True,2024-06-19 11:35:17.698829,https://raw.githubusercontent.com/ebrahimnorouzi/mseo.github.io/master/Ontology_files/asmo.owl,ASMO,73239ba69ebc8a3137cc60e327e821423b9fb2c9a1ac0dd1fffc9509730be986,,327.0,8.0,,3.0,3.0,97.0,1.0,1.0,2.0,,18.0,17.0,24.0,,8.0,519.0,100.0,36.0,36.0,4.0,8.0,18.0,0.0,137.0,1.0,1.0,1.0,2.0,True,0.4,(1*impact+1*dashboard)/2,0.0,0.0,1.0,0.2,0.0,0.0,True,RDF/XML Syntax,1.0,139.0,138.0,2.0,[],Missing ontology license. Missing registry license.,ERROR,PASS,0 invalid IRIs. The Ontology IRI is not valid.,fp3,ERROR,Missing version IRI,ERROR,Missing domain (scope),ERROR,PASS,PASS,PASS,Missing tracker and usages,ERROR,Missing contact information,ERROR,PASS,Missing version IRI to check date,ERROR,ERROR,PASS,8 errors,ERROR,8.0,0.0,0.0,1.0,9.0,70.0,3.0,12.0,8.0,208.0,4.0,44.0,Missing tracker and usages,,,,,,,,,,,,,,,,,,,,,,,,,,,,,,,,,,,,,,,,,,,,,,,,,,,,,,,,,,,,,,,,,,,,,,,,
2,True,"['BWMD-DOMAIN', 'BWMD-DOMAINALT']",True,2024-06-19 11:32:05.714116,https://raw.githubusercontent.com/ebrahimnorouzi/mseo.github.io/master/Ontology_files/BWMD-DOMAIN.owl,BWMD-DOMAIN,f1665b26bb03163d7f01211626356bbc30863f9f42f94494358a7c563bfb6bf9,https://gitlab.cc-asp.fraunhofer.de/EMI_datamanagement/bwmd_ontology/-/raw/master/BWMD_domain.owl,2151.0,,,2.0,10.0,849.0,20.0,,1.0,,8.0,13.0,786.0,11.0,26.0,3879.0,100.0,29.0,787.0,12.0,0.0,27.0,0.0,2507.0,,,,,True,0.504,(1*impact+1*dashboard)/2,0.0,0.0,1.0,0.252,0.0,0.0,True,RDF/XML Syntax,12.0,2471.0,1788.0,10.0,[],Missing ontology license. Missing registry license.,ERROR,PASS,0 invalid IRIs. The Ontology IRI is not valid.,fp3,ERROR,Version IRI 'https://gitlab.cc-asp.fraunhofer.de/EMI_datamanagement/bwmd_ontology/-/raw/master/BWMD_domain.owl' is not in recommended format,WARN,Missing domain (scope),ERROR,PASS,PASS,PASS,Missing tracker and usages,ERROR,Missing contact information,ERROR,PASS,Version IRI does not have date information,INFO,ERROR,PASS,6 errors,ERROR,6.0,1.0,1.0,,2.0,426.0,,1.0,2.0,,,,Missing tracker and usages,258.0,2.0,,,,,,,,,,,,,,,,,,,,,,,,,,,,,,,,,,,,,,,,,,,,,,,,,,,,,,,,,,,,,,,,,,,,,,
3,True,"['BWMD-MID', 'BWMD-MIDALT']",True,2024-06-19 11:32:00.985652,https://raw.githubusercontent.com/ebrahimnorouzi/mseo.github.io/master/Ontology_files/BWMD-MID.owl,BWMD-MID,a3f53082fd4a6098d827a57b0a4be79e90f3a13c6a258d0ee7f74a36c007ad54,https://raw.githubusercontent.com/ebrahimnorouzi/mseo.github.io/master/Ontology_files/BWMD_mid.owl,1234.0,,,2.0,10.0,425.0,20.0,,1.0,,8.0,13.0,362.0,11.0,26.0,2114.0,100.0,29.0,363.0,12.0,0.0,27.0,0.0,1235.0,,,,,True,0.504,(1*impact+1*dashboard)/2,0.0,0.0,1.0,0.252,0.0,0.0,True,RDF/XML Syntax,12.0,1204.0,871.0,10.0,[],Missing ontology license. Missing registry license.,ERROR,PASS,0 invalid IRIs. The Ontology IRI is not valid.,fp3,ERROR,Version IRI 'https://raw.githubusercontent.com/ebrahimnorouzi/mseo.github.io/master/Ontology_files/BWMD_mid.owl' is not in recommended format,WARN,Missing domain (scope),ERROR,PASS,PASS,PASS,Missing tracker and usages,ERROR,Missing contact information,ERROR,PASS,Version IRI does not have date information,INFO,ERROR,PASS,6 errors,ERROR,6.0,1.0,1.0,,2.0,426.0,,1.0,2.0,,,,Missing tracker and usages,253.0,2.0,,,,,,,,,,,,,,,,,,,,,,,,,,,,,,,,,,,,,,,,,,,,,,,,,,,,,,,,,,,,,,,,,,,,,,
4,True,"['cco', 'CCOALT']",True,2024-06-19 11:31:57.305088,https://raw.githubusercontent.com/ebrahimnorouzi/mseo.github.io/master/Ontology_files/CCO.ttl,CCO,03fde5e713dd8c8d23240374b0e6eed7725edb30fbcd3ed434bbea0540701a11,http://www.ontologyrepository.com/CommonCoreOntologies/Mid/2020-09-23/MergedAllCoreOntology,7929.0,360.0,,8.0,9.0,2102.0,35.0,56.0,126.0,,129.0,131.0,1512.0,,192.0,12682.0,100.0,59.0,1430.0,12.0,348.0,258.0,0.0,5296.0,3.0,21.0,144.0,9.0,True,0.504,(1*impact+1*dashboard)/2,0.0,0.0,1.0,0.252,0.0,0.0,True,Turtle,2.0,11801.0,2336.0,9.0,[],Missing ontology license. Missing registry license.,ERROR,WARN,0 invalid IRIs. The Ontology IRI is not valid.,fp3,ERROR,Version IRI does not resolve,ERROR,Missing domain (scope),ERROR,PASS,PASS,PASS,Missing usages,ERROR,Missing contact information,ERROR,PASS,Version IRI does not have date information,INFO,PASS,PASS,6 errors,ERROR,6.0,1.0,1.0,,14.0,591.0,,1.0,5.0,,,,,626.0,2.0,6.0,5.0,11.0,11.0,9.0,10.0,14.0,13.0,191.0,8.0,"OWL syntax (Turtle), but should be RDF/XML",,,,,,,,,,,,,,,,,,,,,,,,,,,,,,,,,,,,,,,,,,,,,,,,,,,,,,,,,,,
5,True,"['CDCO', 'CDCOALT']",True,2024-06-19 11:35:22.781280,https://raw.githubusercontent.com/ebrahimnorouzi/mseo.github.io/master/Ontology_files/cdco.owl,CDCO,e48cd0cfdf6b522bcc1bad5e633074694a4666660155315f2a96b8bd98da2527,,34.0,,,,,16.0,,,,,,,,,,60.0,100.0,16.0,3.0,0.0,0.0,0.0,0.0,3.0,,,,,True,0.4,(1*impact+1*dashboard)/2,0.0,0.0,1.0,0.2,0.0,0.0,True,RDF/XML Syntax,,3.0,25.0,,[],Missing ontology license. Missing registry license.,ERROR,PASS,0 invalid IRIs. The Ontology IRI is not valid.,fp3,ERROR,Missing version IRI,ERROR,Missing domain (scope),ERROR,PASS,PASS,PASS,Missing tracker and usages,ERROR,Missing contact information,ERROR,PASS,Missing version IRI to check date,ERROR,ERROR,PASS,8 errors,ERROR,8.0,0.0,0.0,1.0,9.0,,,11.0,8.0,,,22.0,Missing tracker and usages,,,,,,,,,,,,,,,,,,,,,,,,,,,,,,,,,,,,,,,,,,,,,,,,,,,,,,,,,,,,,,,,,,,,,,,,
6,True,"['CHAMEO', 'CHAMEOALT']",True,2024-06-19 11:33:59.191120,https://raw.githubusercontent.com/ebrahimnorouzi/mseo.github.io/master/Ontology_files/CHAMEO.ttl,CHAMEO,3f553df67550e3fe7bc14398cf1b30e507b05ed5989c6c7b13c62d0f9e0577ed,http://emmo.info/emmo/domain/chameo/chameo,2147.0,2.0,,5.0,4.0,895.0,3.0,65.0,5.0,,74.0,84.0,640.0,7.0,139.0,4240.0,100.0,45.0,716.0,9.0,2.0,133.0,0.0,2685.0,11.0,15.0,86.0,50.0,False,0.549,(1*impact+1*dashboard)/2,0.0,0.0,1.0,0.275,0.0,0.0,True,Turtle,21.0,4515.0,331.0,12.0,[],Missing registry license.,ERROR,WARN,0 invalid IRIs. The Ontology IRI is not valid.,fp3,ERROR,Version IRI 'http://emmo.info/emmo/domain/chameo/chameo' is not in recommended format,WARN,Missing domain (scope),ERROR,PASS,PASS,PASS,Missing usages,ERROR,Missing contact information,ERROR,PASS,Version IRI does not have date information,INFO,PASS,PASS,5 errors,ERROR,5.0,1.0,2.0,5.0,21.0,,,12.0,,,18.0,971.0,,,1.0,16.0,7.0,,2.0,22.0,,7.0,,,,"OWL syntax (Turtle), but should be RDF/XML",75.0,3.0,12.0,3.0,2.0,8.0,3.0,4.0,9.0,1.0,1.0,,,,,,,,,,,,,,,,,,,,,,,,,,,,,,,,,,,,,,,,,,,,,,,,
7,True,"['CHEMINF', 'CHEMINFALT']",True,2024-06-19 11:34:53.403622,https://raw.githubusercontent.com/ebrahimnorouzi/mseo.github.io/master/Ontology_files/cheminf.owl,CHEMINF,af37e4578a335bbd21d7ac1914f93577c1c0a2d618f95cae266dbfd4f7900954,,4432.0,20.0,,6.0,5.0,1073.0,58.0,41.0,34.0,,54.0,53.0,1213.0,5.0,61.0,7110.0,100.0,86.0,853.0,7.0,20.0,111.0,15.0,3734.0,6.0,122.0,446.0,16.0,False,0.4,(1*impact+1*dashboard)/2,0.0,0.0,1.0,0.2,0.0,0.0,True,RDF/XML Syntax,35.0,2791.0,1365.0,26.0,[],Missing registry license.,ERROR,PASS,0 invalid IRIs. The Ontology IRI is not valid.,fp3,ERROR,Missing version IRI,ERROR,Missing domain (scope),ERROR,PASS,PASS,PASS,Missing tracker and usages,ERROR,Missing contact information,ERROR,PASS,Missing version IRI to check date,ERROR,ERROR,PASS,8 errors,ERROR,8.0,0.0,0.0,1.0,7.0,3619.0,,1.0,400.0,,2.0,2.0,Missing tracker and usages,557.0,4.0,,1.0,4.0,1.0,1.0,4.0,5.0,17.0,198.0,195.0,,,5.0,4.0,,6.0,,18.0,3.0,1.0,,1.0,2.0,3.0,1.0,3.0,22.0,109.0,4.0,83.0,6.0,24.0,3.0,10.0,15.0,,,,,,,,,,,,,,,,,,,,,,,,,,,,,,,,,,,
8,True,"['CHMO', 'CHMOALT']",True,,https://raw.githubusercontent.com/ebrahimnorouzi/mseo.github.io/master/Ontology_files/chmo.owl,CHMO,24c727e9ac706cc4a9a5af11f8819963d474715f9aee53aea2c5a7f5b60a42e7,,21198.0,,,,,3164.0,1.0,102.0,,,4.0,4.0,3358.0,,9.0,27842.0,6.57,37.0,3100.0,0.0,0.0,27.0,0.0,10136.0,,102.0,388.0,,True,,,0.048,0.0,0.066,,0.0,4.0,True,RDF/XML Syntax,122.0,,3065.0,,"['C', 'H', 'M', 'O']",,,,,,,,,,,,,,,,,,,,,,,,,,,,,1.0,3220.0,4.0,1.0,2.0,,,,,361.0,,,,,,,,,1.0,7.0,17820.0,,,,,,,,,,,,,,,,,,107.0,,356.0,,,,,5.0,failed_ontology_dashboard,True,9614.0,81.0,7.0,1.0,,,,,,,,,,,,,,,,,,,,,,,,,,,,,
9,True,"['cif-core', 'CIF-COREALT']",True,2024-06-19 11:32:22.706612,https://raw.githubusercontent.com/ebrahimnorouzi/mseo.github.io/master/Ontology_files/cif-core.ttl,CIF-core,9f6d2fced7b235e7629d4b23a9de1f36c84e1840558d87a83aa7bc056c9b6088,,282.0,14.0,12.0,,,177.0,,3.0,,16.0,,,71.0,1.0,4.0,678.0,100.0,88.0,68.0,2.0,18.0,5.0,0.0,273.0,5.0,1.0,4.0,4.0,True,0.444,(1*impact+1*dashboard)/2,0.0,0.0,1.0,0.222,0.0,0.0,True,Turtle,5.0,907.0,52.0,20.0,[],Missing ontology license. Missing registry license.,ERROR,WARN,0 invalid IRIs. The Ontology IRI is not valid.,fp3,ERROR,Missing version IRI,ERROR,Missing domain (scope),ERROR,PASS,PASS,PASS,Missing usages,ERROR,Missing contact information,ERROR,PASS,Missing version IRI to check date,ERROR,PASS,PASS,7 errors,ERROR,7.0,0.0,1.0,3.0,83.0,,,,,,5.0,,,,,1.0,,,1.0,1.0,,,2.0,,,"OWL syntax (Turtle), but should be RDF/XML",5.0,1.0,,1.0,,,14.0,,1.0,,,,,,,,,,,,,,,,,,,,,,1.0,,,,,,,,,,,,,,,,,,,,,,,,,,,,
10,True,"['CMSO', 'CMSOALT']",True,2024-06-19 11:34:24.448548,https://raw.githubusercontent.com/ebrahimnorouzi/mseo.github.io/master/Ontology_files/cmso.owl,CMSO,e52145054f1bf032b935286ef1ec6b2c5e3aeaa5cf5d422af28fe57d1666b460,,270.0,,,28.0,28.0,109.0,,,3.0,,16.0,16.0,22.0,3.0,,508.0,100.0,26.0,40.0,28.0,0.0,19.0,0.0,153.0,,,,7.0,True,0.4,(1*impact+1*dashboard)/2,0.0,0.0,1.0,0.2,0.0,0.0,True,RDF/XML Syntax,5.0,296.0,121.0,28.0,[],Missing ontology license. Missing registry license.,ERROR,PASS,0 invalid IRIs. The Ontology IRI is not valid.,fp3,ERROR,Missing version IRI,ERROR,Missing domain (scope),ERROR,PASS,PASS,PASS,Missing tracker and usages,ERROR,Missing contact information,ERROR,PASS,Missing version IRI to check date,ERROR,ERROR,PASS,8 errors,ERROR,8.0,0.0,0.0,1.0,12.0,106.0,,21.0,8.0,,,61.0,Missing tracker and usages,,,,,,,,,,,,,,,,,,,,,,,,,,,,,,,,,,,,,,,,,,,,,,,,,,,,,,,,,,,,,,,,,,,,,,,,
11,True,"['CSO', 'CSOALT']",True,2024-06-19 11:35:15.069541,https://raw.githubusercontent.com/ebrahimnorouzi/mseo.github.io/master/Ontology_files/CSO.owl,CSO,8077635a3fc326c9aeae6e73170e513bf47ee0b18fe80d29adbb2b6f18d8026f,,154.0,,,19.0,19.0,84.0,1.0,,3.0,,21.0,24.0,49.0,,,374.0,100.0,14.0,30.0,19.0,0.0,25.0,0.0,185.0,20.0,18.0,14.0,3.0,True,0.333,(1*impact+1*dashboard)/2,0.0,0.0,1.0,0.167,0.0,0.0,True,RDF/XML Syntax,1.0,361.0,135.0,31.0,[],Missing registry license.,ERROR,PASS,0 invalid IRIs. The Ontology IRI is not valid.,fp3,ERROR,Missing version IRI,ERROR,Missing domain (scope),ERROR,PASS,PASS,ERROR,Missing tracker and usages,ERROR,Missing contact information,ERROR,PASS,Missing version IRI to check date,ERROR,ERROR,PASS,9 errors,ERROR,9.0,0.0,0.0,,,,,5.0,,,1.0,15.0,Missing tracker and usages,,,,,,,,,,,,,,,,,,18.0,,,,6.0,,,,,,,,5.0,,,,,,,4.0,,,,,,,,2.0,Homepage URL (https://github.com/Materials-Data-Science-and-Informatics/Dislocation-Ontology-Suite/tree/main/CSO.owl) does not resolve,,,,,,,,,,,,,,,,,,,,,,,,,,
12,True,"['deb', 'DEBALT']",True,2024-06-19 11:32:59.346870,https://raw.githubusercontent.com/ebrahimnorouzi/mseo.github.io/master/Ontology_files/DEB.owl,DEB,e03f95bc624b67253f3974898fb88320ca97be0d5510f59b7cee193797e022a1,,296.0,,,235.0,97.0,729.0,,8.0,,,22.0,14.0,666.0,63.0,,2135.0,100.0,11.0,601.0,109.0,0.0,12.0,0.0,2147.0,,,,,True,0.467,(1*impact+1*dashboard)/2,0.0,0.0,1.0,0.234,0.0,0.0,True,RDF/XML Syntax,4.0,2891.0,31.0,170.0,[],Missing ontology license. Missing registry license.,ERROR,PASS,0 invalid IRIs. The Ontology IRI is not valid.,fp3,ERROR,Missing version IRI,ERROR,Missing domain (scope),ERROR,PASS,PASS,PASS,Missing usages,ERROR,Missing contact information,ERROR,PASS,Missing version IRI to check date,ERROR,PASS,PASS,7 errors,ERROR,7.0,0.0,0.0,,,,,64.0,,,,158.0,,,,,,,,,,,,,,,,,,,,73.0,,,,,,,,,,,,,,,,,,,,,,,,,,,,5.0,,,,,,,,,,,,,,,,,,,,,,,,,
13,True,"['diso', 'DISOALT']",True,2024-06-19 11:32:48.872325,https://raw.githubusercontent.com/ebrahimnorouzi/mseo.github.io/master/Ontology_files/DISO.ttl,DISO,0a3d0b1e22c300f864e2d2157b1599e4b5a7655209c679f4f7fbcd8cb59dc49e,,147.0,,,5.0,5.0,91.0,6.0,,1.0,,25.0,25.0,62.0,,6.0,373.0,100.0,13.0,38.0,12.0,0.0,33.0,0.0,227.0,26.0,17.0,22.0,8.0,True,0.444,(1*impact+1*dashboard)/2,0.0,0.0,1.0,0.222,0.0,0.0,True,Turtle,1.0,400.0,140.0,16.0,[],Missing registry license.,ERROR,WARN,0 invalid IRIs. The Ontology IRI is not valid.,fp3,ERROR,Missing version IRI,ERROR,Missing domain (scope),ERROR,PASS,PASS,PASS,Missing usages,ERROR,Missing contact information,ERROR,PASS,Missing version IRI to check date,ERROR,PASS,PASS,7 errors,ERROR,7.0,0.0,1.0,,,,,5.0,,,1.0,4.0,,,,,,,,,,,,,,"OWL syntax (Turtle), but should be RDF/XML",,,,,13.0,,,,3.0,,,,,,,,,,,,,,,,,,,,,,,,,,,,,,,,,,,,,,,,,,,,,,,,,,
14,True,"['DSIM', 'DSIMALT']",True,2024-06-19 11:35:12.618057,https://raw.githubusercontent.com/ebrahimnorouzi/mseo.github.io/master/Ontology_files/DSIM.owl,DSIM,d0600566158974f147a3cb7190dfe238c4233e6499b0c664841ba61183a757ce,,185.0,,,23.0,23.0,128.0,6.0,,16.0,,16.0,17.0,58.0,9.0,8.0,492.0,100.0,13.0,41.0,33.0,0.0,45.0,0.0,210.0,14.0,5.0,10.0,2.0,True,0.4,(1*impact+1*dashboard)/2,0.0,0.0,1.0,0.2,0.0,0.0,True,RDF/XML Syntax,1.0,447.0,175.0,40.0,[],Missing registry license.,ERROR,PASS,0 invalid IRIs. The Ontology IRI is not valid.,fp3,ERROR,Missing version IRI,ERROR,Missing domain (scope),ERROR,PASS,PASS,PASS,Missing tracker and usages,ERROR,Missing contact information,ERROR,PASS,Missing version IRI to check date,ERROR,ERROR,PASS,8 errors,ERROR,8.0,0.0,0.0,,,,,5.0,,27.0,1.0,8.0,Missing tracker and usages,,4.0,,,2.0,,,,,1.0,,,,,,,,5.0,,12.0,,1.0,,,,,,,,,,,,,,,,,,,,,,,,,,,,,,,,,,,,,,,,,,,,,,,,,,
15,True,"['emmo', 'EMMOALT']",True,2024-06-19 11:29:19.228954,https://raw.githubusercontent.com/ebrahimnorouzi/mseo.github.io/master/Ontology_files/EMMO.ttl,EMMO,0e493a97bfb5cefd5dbf804c3d5bfdbab3850b9eb1719372300b7b5ad59e937c,http://emmo.info/emmo/1.0.0-beta4,4541.0,2.0,,6.0,5.0,1338.0,4.0,117.0,5.0,,48.0,58.0,1799.0,7.0,113.0,8225.0,100.0,35.0,1191.0,10.0,2.0,107.0,0.0,5145.0,46.0,18.0,317.0,52.0,False,0.549,(1*impact+1*dashboard)/2,0.0,0.0,1.0,0.275,0.0,0.0,True,Turtle,22.0,8167.0,1648.0,388.0,[],Missing registry license.,ERROR,WARN,0 invalid IRIs. The Ontology IRI is not valid.,fp3,ERROR,Version IRI 'http://emmo.info/emmo/1.0.0-beta4' is not in recommended format,WARN,Missing domain (scope),ERROR,PASS,PASS,PASS,Missing usages,ERROR,Missing contact information,ERROR,PASS,Version IRI does not have date information,INFO,PASS,PASS,5 errors,ERROR,5.0,1.0,2.0,5.0,22.0,,,6.0,,,130.0,1481.0,,,1.0,16.0,7.0,,2.0,22.0,,7.0,,,,"OWL syntax (Turtle), but should be RDF/XML",86.0,3.0,12.0,3.0,2.0,494.0,4.0,4.0,9.0,1.0,1.0,,,,,,,,,,,,,,,,,,,,,,,,,,,,,,,,,,,,,,,,,,,,,,,,
16,True,,True,,https://raw.githubusercontent.com/ebrahimnorouzi/mseo.github.io/master/Ontology_files/EMMO_BVC.ttl,EMMO_BVC,083958d2622aa5d30761f488faeaba5990c644ab70b4006d547c06765f5cf618,,,,,,,,,,,,,,,,,,,,,,,,,,,,,,,,,,,,,,,,,,,,,,,,,,,,,,,,,,,,,,,,,,,,,,,,,,,,,,,,,,,,,,,,,,,,,,,,,,,,,,,,,,,,,,,,,,,,,,,,failed_robot_base,,,,,,,,,,,,,,,,,,,,,,,,,,,,,,,,,,
17,True,,True,,https://raw.githubusercontent.com/ebrahimnorouzi/mseo.github.io/master/Ontology_files/EMMO_BattINFO.ttl,EMMO_BattINFO,980a2d6aa99b7a7acc9c9ea3a6070226032cdd53298f8a146546e58df18b36c7,,,,,,,,,,,,,,,,,,,,,,,,,,,,,,,,,,,,,,,,,,,,,,,,,,,,,,,,,,,,,,,,,,,,,,,,,,,,,,,,,,,,,,,,,,,,,,,,,,,,,,,,,,,,,,,,,,,,,,,,failed_robot_base,,,,,,,,,,,,,,,,,,,,,,,,,,,,,,,,,,
18,True,"['emmo_datamodel', 'EMMO_DATAMODELALT']",True,2024-06-19 11:32:26.009911,https://raw.githubusercontent.com/ebrahimnorouzi/mseo.github.io/master/Ontology_files/EMMO_Datamodel.ttl,EMMO_Datamodel,1cd705af347476df3307ed8e6917b2617662fa47136e503014e523904598dc87,http://emmo.info/datamodel/0.0.2/metamodel,94.0,,,8.0,8.0,47.0,,,,,10.0,10.0,32.0,7.0,12.0,239.0,100.0,14.0,13.0,11.0,0.0,13.0,0.0,97.0,2.0,,7.0,1.0,False,0.504,(1*impact+1*dashboard)/2,0.0,0.0,1.0,0.252,0.0,0.0,True,Turtle,7.0,226.0,49.0,18.0,[],Missing registry license.,ERROR,WARN,0 invalid IRIs. The Ontology IRI is not valid.,fp3,ERROR,Version IRI does not resolve,ERROR,Missing domain (scope),ERROR,PASS,PASS,PASS,Missing usages,ERROR,Missing contact information,ERROR,PASS,Version IRI does not have date information,INFO,PASS,PASS,6 errors,ERROR,6.0,1.0,1.0,1.0,2.0,,,6.0,,,1.0,44.0,,,,1.0,,1.0,1.0,1.0,,,,,,"OWL syntax (Turtle), but should be RDF/XML",1.0,2.0,,,11.0,,,,,,,,,,,,,,,,,,,,,,,,,,,1.0,,,1.0,,,,,,,,,,,,,,,,,,,,,,,,
19,True,"['emmo_atomistic', 'EMMO_ATOMISTICALT']",True,2024-06-19 11:32:32.587663,https://raw.githubusercontent.com/ebrahimnorouzi/mseo.github.io/master/Ontology_files/EMMO_atomistic.ttl,EMMO_atomistic,e71cf7ad29c10dfd425d79bbc7eeec01ca4682e996f9b1c07d8f325f39fec674,http://emmo.info/0.0.1/domain-atomistic,1921.0,1.0,,2.0,1.0,609.0,1.0,68.0,8.0,,23.0,30.0,884.0,2.0,55.0,3745.0,100.0,35.0,533.0,3.0,1.0,46.0,0.0,2537.0,60.0,9.0,121.0,13.0,False,0.504,(1*impact+1*dashboard)/2,0.0,0.0,1.0,0.252,0.0,0.0,True,Turtle,34.0,4165.0,325.0,31.0,[],Missing ontology license. Missing registry license.,ERROR,WARN,0 invalid IRIs. The Ontology IRI is not valid.,fp3,ERROR,Version IRI does not resolve,ERROR,Missing domain (scope),ERROR,PASS,PASS,PASS,Missing usages,ERROR,Missing contact information,ERROR,PASS,Version IRI does not have date information,INFO,PASS,PASS,6 errors,ERROR,6.0,1.0,1.0,18.0,22.0,,,6.0,,,109.0,646.0,,,,15.0,,9.0,5.0,16.0,,8.0,9.0,,,"OWL syntax (Turtle), but should be RDF/XML",28.0,2.0,,3.0,3.0,129.0,4.0,5.0,5.0,1.0,,,7.0,,,,,,,,,,,,,,,,,,1.0,,,,,,,,,,,,,,,,,,,,,,,,,,,,
20,True,"['emmo_crystallography', 'EMMO_CRYSTALLOGRAPHYALT']",True,2024-06-19 11:32:20.088974,https://raw.githubusercontent.com/ebrahimnorouzi/mseo.github.io/master/Ontology_files/EMMO_crystallography.ttl,EMMO_crystallography,ba194d6a152b2103d8ca4f6d2980961870b581a8d2a1d4bcf02ab46cb3805503,http://emmo.info/domain-crystallography/0.0.1/crystallography,9482.0,1.0,,2.0,6.0,1896.0,2.0,68.0,8.0,,22.0,30.0,3325.0,7.0,55.0,15143.0,100.0,42.0,1806.0,9.0,1.0,47.0,0.0,9700.0,162.0,10.0,253.0,13.0,False,0.549,(1*impact+1*dashboard)/2,0.0,0.0,1.0,0.275,0.0,0.0,True,Turtle,53.0,15530.0,1396.0,42.0,[],Missing registry license.,ERROR,WARN,0 invalid IRIs. The Ontology IRI is not valid.,fp3,ERROR,Version IRI 'http://emmo.info/domain-crystallography/0.0.1/crystallography' is not in recommended format,WARN,Missing domain (scope),ERROR,PASS,PASS,PASS,Missing usages,ERROR,Missing contact information,ERROR,PASS,Version IRI does not have date information,INFO,PASS,PASS,5 errors,ERROR,5.0,1.0,2.0,20.0,25.0,,,6.0,,,115.0,4123.0,,,,16.0,,9.0,6.0,17.0,,8.0,10.0,,,"OWL syntax (Turtle), but should be RDF/XML",116.0,2.0,,3.0,9.0,135.0,4.0,6.0,31.0,1.0,,,7.0,,,,,,,,,,,,,,,,,,1.0,894.0,,,2.0,,,,,,,,,,,,,,,,,,,,,,,,
21,True,"['emmo_mappings', 'EMMO_MAPPINGSALT']",True,2024-06-19 11:32:29.204860,https://raw.githubusercontent.com/ebrahimnorouzi/mseo.github.io/master/Ontology_files/EMMO_mappings.ttl,EMMO_mappings,c5292bb186b6d059c71a7705fb06d6976c63f435d13b44cfdf8ec6f128f29987,http://emmo.info/domain-mappings/0.0.1,1915.0,5.0,,4.0,3.0,613.0,1.0,67.0,8.0,2.0,24.0,32.0,876.0,4.0,57.0,3754.0,100.0,36.0,528.0,5.0,5.0,48.0,0.0,2523.0,60.0,9.0,118.0,13.0,False,0.504,(1*impact+1*dashboard)/2,0.0,0.0,1.0,0.252,0.0,0.0,True,Turtle,38.0,4170.0,332.0,34.0,[],Missing registry license.,ERROR,WARN,0 invalid IRIs. The Ontology IRI is not valid.,fp3,ERROR,Version IRI does not resolve,ERROR,Missing domain (scope),ERROR,PASS,PASS,PASS,Missing usages,ERROR,Missing contact information,ERROR,PASS,Version IRI does not have date information,INFO,PASS,PASS,6 errors,ERROR,6.0,1.0,1.0,19.0,23.0,,,6.0,,,108.0,645.0,,,,15.0,,9.0,5.0,16.0,,8.0,9.0,,,"OWL syntax (Turtle), but should be RDF/XML",28.0,2.0,,3.0,4.0,128.0,4.0,5.0,5.0,1.0,,,7.0,,,,,,,,,,,,,,,,,,1.0,,,,1.0,,,,,,,,,,,,,,,,,,,,,,,,
22,True,"['emmo_mechanical_testing', 'EMMO_MECHANICAL_TESTINGALT']",True,2024-06-19 11:29:22.511716,https://raw.githubusercontent.com/ebrahimnorouzi/mseo.github.io/master/Ontology_files/EMMO_mechanical_testing.owl,EMMO_mechanical_testing,3e3df20aa79b0940c0624e530d66ac6417009ff174ec60b158f956939a1e832d,http://emmo.info/emmo/domain/mechanical-testing/1.0.0,2538.0,1.0,,4.0,5.0,964.0,2.0,79.0,,,29.0,32.0,1357.0,4.0,63.0,5257.0,100.0,52.0,851.0,7.0,2.0,61.0,0.0,3809.0,58.0,24.0,208.0,13.0,False,0.527,(1*impact+1*dashboard)/2,0.0,0.0,1.0,0.264,0.0,0.0,True,RDF/XML Syntax,29.0,5655.0,666.0,44.0,[],Missing registry license.,ERROR,PASS,0 invalid IRIs. The Ontology IRI is not valid.,fp3,ERROR,Version IRI does not resolve,ERROR,Missing domain (scope),ERROR,PASS,PASS,PASS,Missing usages,ERROR,Missing contact information,ERROR,PASS,Version IRI does not have date information,INFO,PASS,PASS,6 errors,ERROR,6.0,1.0,0.0,30.0,37.0,,,6.0,,,136.0,987.0,,,,20.0,,4.0,8.0,20.0,,14.0,16.0,,,,27.0,3.0,,3.0,5.0,157.0,10.0,5.0,42.0,2.0,2.0,,,,,,,,,,,,,,,,,,,,,,,,,,,,,,,,,,,,,,,,,,,,,,,,
23,True,"['emmo_microstructure', 'EMMO_MICROSTRUCTUREALT']",True,2024-06-19 11:29:24.944596,https://raw.githubusercontent.com/ebrahimnorouzi/mseo.github.io/master/Ontology_files/EMMO_microstructure.owl,EMMO_microstructure,d30a217f470ca02d13507c4e435ce7ae1f65aab1d72ba16f80a34a76be2d09f9,,622.0,,,2.0,1.0,274.0,,29.0,,,22.0,30.0,275.0,1.0,46.0,1406.0,100.0,34.0,219.0,3.0,1.0,47.0,0.0,894.0,18.0,5.0,64.0,12.0,False,0.467,(1*impact+1*dashboard)/2,0.0,0.0,1.0,0.234,0.0,0.0,True,RDF/XML Syntax,23.0,1474.0,217.0,10.0,[],Missing ontology license. Missing registry license.,ERROR,PASS,0 invalid IRIs. The Ontology IRI is not valid.,fp3,ERROR,Missing version IRI,ERROR,Missing domain (scope),ERROR,PASS,PASS,PASS,Missing usages,ERROR,Missing contact information,ERROR,PASS,Missing version IRI to check date,ERROR,PASS,PASS,7 errors,ERROR,7.0,0.0,0.0,17.0,21.0,,,6.0,,,8.0,240.0,,,,16.0,,4.0,5.0,16.0,,7.0,8.0,,,,10.0,,,3.0,3.0,8.0,3.0,5.0,5.0,1.0,,,,,,,,,,,,,,,,,,,,,,,,,,,,,,,,,,,,,,,,,,,,,,,,,
24,True,"['EXPO', 'EXPOALT']",True,2024-06-19 11:34:30.952164,https://raw.githubusercontent.com/ebrahimnorouzi/mseo.github.io/master/Ontology_files/EXPO.owl,EXPO,57ede339e73af44ab1c07290402338748e782241f7dc19c4ae7029f555c99847,,646.0,,,,,402.0,363.0,,,,75.0,73.0,432.0,,76.0,2067.0,100.0,2.0,325.0,0.0,0.0,78.0,0.0,2098.0,88.0,,,23.0,True,0.4,(1*impact+1*dashboard)/2,0.0,0.0,1.0,0.2,0.0,0.0,True,RDF/XML Syntax,21.0,2564.0,646.0,,[],Missing ontology license. Missing registry license.,ERROR,PASS,0 invalid IRIs. The Ontology IRI is not valid.,fp3,ERROR,Missing version IRI,ERROR,Missing domain (scope),ERROR,PASS,PASS,PASS,Missing tracker and usages,ERROR,Missing contact information,ERROR,PASS,Missing version IRI to check date,ERROR,ERROR,PASS,8 errors,ERROR,8.0,0.0,0.0,,,,,,,,,,Missing tracker and usages,,,,,,,,,,,,,,,,,,,,,,21.0,,,,,,,,,,,,,,,,,,,,,,,,,,,,,,,,,,,,,,,,,,,,,,,,,,
25,True,"['foaf', 'FOAFALT']",True,2024-06-19 11:31:51.482272,https://raw.githubusercontent.com/ebrahimnorouzi/mseo.github.io/master/Ontology_files/FOAF.owl,FOAF,b0497b153c6ac034eb9acf220ff3852daee6d31d02d9f9cdc39163528877d98a,,245.0,,,,21.0,75.0,,,4.0,,8.0,12.0,,,12.0,393.0,14.63,10.0,1.0,27.0,0.0,42.0,0.0,20.0,,,,,False,0.333,(1*impact+1*dashboard)/2,0.286,0.0,0.146,0.309,0.0,24.0,True,RDF/XML Syntax,20.0,64.0,205.0,,"['BWMD-DOMAIN', 'BWMD-MID', 'CCO', 'CHAMEO', 'CHEMINF', 'DSIM', 'EMMO', 'IAO', 'LPBFO', 'MOL_TENSILE', 'MSLE', 'NanoMine', 'OA', 'OEO', 'OIEcharacterisation-methods', 'PATO', 'SEMMD', 'SSN', 'bmo', 'm4i', 'mvc', 'mwo', 'nfdicore', 'opmw']",Missing ontology license. Missing registry license.,ERROR,PASS,0 invalid IRIs. The Ontology IRI is not valid.,fp3,ERROR,Missing version IRI,ERROR,Missing domain (scope),ERROR,PASS,PASS,ERROR,Missing tracker and usages,ERROR,Missing contact information,ERROR,PASS,Missing version IRI to check date,ERROR,ERROR,PASS,9 errors,ERROR,9.0,0.0,0.0,,,,,,3.0,,,,Missing tracker and usages,,158.0,,,1.0,12.0,,,,,,,,,3.0,,,,,,,,,,,,,,,,,,,,,,,,,,,,,,,Homepage URL (http://www.foaf-project.org/) does not resolve,,,,,,,,,,,,,,,,,,,,,,,,,,
26,True,"['gpo', 'GPOALT']",True,2024-06-19 11:32:16.989117,https://raw.githubusercontent.com/ebrahimnorouzi/mseo.github.io/master/Ontology_files/GPO.ttl,GPO,f4a500bb722d1118ad6e4bc0991f3d97f9f1136515d8c48c1fb01c4826448fc3,,967.0,1.0,,1.0,1.0,464.0,,50.0,5.0,,45.0,47.0,424.0,,98.0,2169.0,100.0,20.0,380.0,1.0,1.0,84.0,0.0,1525.0,8.0,2.0,108.0,50.0,False,0.444,(1*impact+1*dashboard)/2,0.0,0.0,1.0,0.222,0.0,0.0,True,Turtle,3.0,2479.0,218.0,1.0,[],Missing registry license.,ERROR,WARN,0 invalid IRIs. The Ontology IRI is not valid.,fp3,ERROR,Missing version IRI,ERROR,Missing domain (scope),ERROR,PASS,PASS,PASS,Missing usages,ERROR,Missing contact information,ERROR,PASS,Missing version IRI to check date,ERROR,PASS,PASS,7 errors,ERROR,7.0,0.0,1.0,11.0,11.0,,,6.0,,,,421.0,,,,6.0,,,3.0,14.0,,7.0,5.0,,,"OWL syntax (Turtle), but should be RDF/XML",8.0,1.0,,,,,,1.0,,1.0,,,,,,,,,,,,,,,,,,,,,,,,,,,,,,,,,,,,,,,,,,,,,,,,,
27,True,"['iao', 'IAOALT']",True,2024-06-19 11:33:06.988928,https://raw.githubusercontent.com/ebrahimnorouzi/mseo.github.io/master/Ontology_files/IAO.owl,IAO,0f2155ff11a9ee31df406edf1bce9b0651c460b1a7dbcdfeb3a45f67db1d9207,http://purl.obolibrary.org/obo/iao/2022-11-07/iao.owl,2777.0,20.0,,4.0,4.0,410.0,21.0,13.0,18.0,,24.0,24.0,344.0,,26.0,3718.0,100.0,72.0,264.0,4.0,20.0,53.0,0.0,1108.0,6.0,21.0,90.0,2.0,True,0.593,(1*impact+1*dashboard)/2,0.0,0.0,1.0,0.296,0.0,0.0,True,RDF/XML Syntax,29.0,1.0,508.0,4.0,[],Missing registry license.,ERROR,PASS,0 invalid IRIs. The Ontology IRI is not valid.,fp3,ERROR,,PASS,Missing domain (scope),ERROR,PASS,PASS,PASS,Missing usages,ERROR,Missing contact information,ERROR,PASS,last version (2022-11-07) is over one year(s) old,INFO,PASS,PASS,5 errors,ERROR,5.0,1.0,0.0,1.0,7.0,3310.0,,1.0,29.0,,2.0,,,348.0,4.0,,,4.0,1.0,1.0,2.0,,4.0,122.0,33.0,,,4.0,4.0,,6.0,,,3.0,1.0,,1.0,2.0,3.0,1.0,3.0,22.0,,,74.0,6.0,16.0,,10.0,,,,,,,,,,,,,,,,,,,,,,,,,,,,,,,,,,,,
28,True,"['LDO', 'LDOALT']",True,2024-06-19 11:35:25.333794,https://raw.githubusercontent.com/ebrahimnorouzi/mseo.github.io/master/Ontology_files/ldo.owl,LDO,1a1001f411abd7bef860bb70677941c229032f07823639fcbdfd992cd486ab4d,,37.0,,,,,19.0,,,,,,,3.0,,,69.0,100.0,16.0,6.0,0.0,0.0,0.0,0.0,12.0,,,,,True,0.4,(1*impact+1*dashboard)/2,0.0,0.0,1.0,0.2,0.0,0.0,True,RDF/XML Syntax,,12.0,28.0,,[],Missing ontology license. Missing registry license.,ERROR,PASS,0 invalid IRIs. The Ontology IRI is not valid.,fp3,ERROR,Missing version IRI,ERROR,Missing domain (scope),ERROR,PASS,PASS,PASS,Missing tracker and usages,ERROR,Missing contact information,ERROR,PASS,Missing version IRI to check date,ERROR,ERROR,PASS,8 errors,ERROR,8.0,0.0,0.0,1.0,9.0,,,11.0,8.0,,,22.0,Missing tracker and usages,,,,,,,,,,,,,,,,,,,,,,,,,,,,,,,,,,,,,,,,,,,,,,,,,,,,,,,,,,,,,,,,,,,,,,,,
29,True,"['LPBFO', 'LPBFOALT']",True,2024-06-19 11:32:11.975388,https://raw.githubusercontent.com/ebrahimnorouzi/mseo.github.io/master/Ontology_files/LPBFO.owl,LPBFO,0d015a2265fe2a45682032a77b6c72708d6e73223e312f5a123e5b87adf7c9d4,https://gitlab.cc-asp.fraunhofer.de/EMI_datamanagement/LPBFO/-/raw/master/LPBFO.owl,1579.0,,,2.0,10.0,572.0,22.0,1.0,1.0,,8.0,14.0,508.0,11.0,27.0,2757.0,100.0,29.0,509.0,12.0,0.0,28.0,0.0,1680.0,,,,,True,0.438,(1*impact+1*dashboard)/2,0.0,0.0,1.0,0.219,0.0,0.0,True,RDF/XML Syntax,12.0,1634.0,1214.0,10.0,[],Missing ontology license. Missing registry license.,ERROR,PASS,0 invalid IRIs. The Ontology IRI is not valid.,fp3,ERROR,Version IRI 'https://gitlab.cc-asp.fraunhofer.de/EMI_datamanagement/LPBFO/-/raw/master/LPBFO.owl' is not in recommended format,WARN,Missing domain (scope),ERROR,PASS,PASS,ERROR,Missing tracker and usages,ERROR,Missing contact information,ERROR,PASS,Version IRI does not have date information,INFO,ERROR,PASS,7 errors,ERROR,7.0,1.0,1.0,,2.0,428.0,,1.0,2.0,,,,Missing tracker and usages,272.0,2.0,,,,,,,,,,,,,,,,,,,,,,,,,,,,,,,,,,,,,,,,,,,,Missing homepage,,,,,,,,,,,,,,,,,,,,,,,,,,
30,True,"['mambo', 'MAMBOALT']",True,2024-06-19 11:32:46.155327,https://raw.githubusercontent.com/ebrahimnorouzi/mseo.github.io/master/Ontology_files/MAMBO.owl,MAMBO,0d5b3cad4a1d7249b334eee79374c81cc9a62d2bf2d1aa6912ab74437bac62d3,,57.0,21.0,44.0,61.0,56.0,175.0,20.0,,4.0,18.0,34.0,33.0,43.0,42.0,17.0,632.0,100.0,3.0,57.0,63.0,21.0,35.0,0.0,370.0,,1.0,1.0,21.0,True,0.467,(1*impact+1*dashboard)/2,0.0,0.0,1.0,0.234,0.0,0.0,True,RDF/XML Syntax,59.0,907.0,54.0,97.0,[],Missing ontology license. Missing registry license.,ERROR,PASS,0 invalid IRIs. The Ontology IRI is not valid.,fp3,ERROR,Missing version IRI,ERROR,Missing domain (scope),ERROR,PASS,PASS,PASS,Missing usages,ERROR,Missing contact information,ERROR,PASS,Missing version IRI to check date,ERROR,PASS,PASS,7 errors,ERROR,7.0,0.0,0.0,,,,,,,,7.0,,,6.0,,,,,,,,,3.0,,4.0,,,4.0,,,4.0,,,,,,,,,,,,,,,,,,,,,,,,,,,,,,,,,,,,,,,,,,,,,,,,,,,,,,
31,True,"['mdo', 'MDOALT']",True,2024-06-19 11:32:53.928724,https://raw.githubusercontent.com/ebrahimnorouzi/mseo.github.io/master/Ontology_files/MDO.owl,MDO,660c239ecc2cfea1708d2a978d27b049329a21b52a5922b194c0bbd83a2e4575,,268.0,2.0,,30.0,31.0,114.0,1.0,,,,26.0,29.0,73.0,,,574.0,100.0,13.0,38.0,32.0,2.0,32.0,0.0,267.0,19.0,19.0,11.0,5.0,True,0.467,(1*impact+1*dashboard)/2,0.0,0.0,1.0,0.234,0.0,0.0,True,RDF/XML Syntax,30.0,500.0,186.0,47.0,[],Missing registry license.,ERROR,PASS,0 invalid IRIs. The Ontology IRI is not valid.,fp3,ERROR,Missing version IRI,ERROR,Missing domain (scope),ERROR,PASS,PASS,PASS,Missing usages,ERROR,Missing contact information,ERROR,PASS,Missing version IRI to check date,ERROR,PASS,PASS,7 errors,ERROR,7.0,0.0,0.0,,,,,35.0,,14.0,1.0,,,,,,,,,,,,,,,,,,,,14.0,,,,15.0,,,,,,,,5.0,,,,,,,2.0,,,,,,,,2.0,,,,,,,,,,,,,,,,,,,,,,,,,,,
32,True,"['MDS', 'MDSALT']",True,2024-06-19 11:35:09.845719,https://raw.githubusercontent.com/ebrahimnorouzi/mseo.github.io/master/Ontology_files/MDS.owl,MDS,6349f455f0db6a360dd9cabe385df0fc4970d169c3a5971ec7037a4004094336,,890.0,,,139.0,5.0,268.0,,,,,71.0,105.0,220.0,,,1698.0,100.0,8.0,256.0,1.0,0.0,11.0,0.0,1011.0,,,,,False,0.378,(1*impact+1*dashboard)/2,0.0,0.0,1.0,0.189,0.0,0.0,True,Turtle,,1390.0,339.0,5.0,[],Missing ontology license. Missing registry license.,ERROR,WARN,0 invalid IRIs. The Ontology IRI is not valid.,fp3,ERROR,Missing version IRI,ERROR,Missing domain (scope),ERROR,PASS,PASS,PASS,Missing tracker and usages,ERROR,Missing contact information,ERROR,PASS,Missing version IRI to check date,ERROR,ERROR,PASS,8 errors,ERROR,8.0,0.0,1.0,,,,,,,,,504.0,Missing tracker and usages,,,,,,,,,,,,,"OWL syntax (Turtle), but should be RDF/XML",,,,,,,,,,,,,,,,,,,,,,,,,,,,,,,,,,,,,,,,,,,,,,,,,,,,,,,,,,,
33,True,"['MOL_BRINELL', 'MOL_BRINELLALT']",True,2024-06-19 11:33:09.648820,https://raw.githubusercontent.com/ebrahimnorouzi/mseo.github.io/master/Ontology_files/MOL_BRINELL.ttl,MOL_BRINELL,0538943a21c284c133ecf7452b7a547d9b351e3464dd00ed3140650f77b7336b,,191.0,3053.0,1618.0,,,3340.0,,,,8133.0,,,14.0,,,16349.0,100.0,4.0,37.0,4.0,3277.0,17.0,0.0,3118.0,,,,,False,0.378,(1*impact+1*dashboard)/2,0.0,0.0,1.0,0.189,0.0,0.0,True,Turtle,,36821.0,192.0,1618.0,[],Missing ontology license. Missing registry license.,ERROR,WARN,0 invalid IRIs. The Ontology IRI is not valid.,fp3,ERROR,Missing version IRI,ERROR,Missing domain (scope),ERROR,PASS,PASS,PASS,Missing tracker and usages,ERROR,Missing contact information,ERROR,PASS,Missing version IRI to check date,ERROR,ERROR,PASS,8 errors,ERROR,8.0,0.0,1.0,,,,,,,,,,Missing tracker and usages,,,,,,,,,,,287.0,,"OWL syntax (Turtle), but should be RDF/XML",,,,,,,,,,,,,,,,,,,,,,,,,,,,,,,,,,,,,,,,,,,,,,,,,,,,,,,,,,,
34,True,"['MOL_TENSILE', 'MOL_TENSILEALT']",True,2024-06-19 11:32:08.668628,https://raw.githubusercontent.com/ebrahimnorouzi/mseo.github.io/master/Ontology_files/MOL_TENSILE.owl,MOL_TENSILE,3dc55494bd6f81b6988a4b59f4141ee397f78036b386aa38420bca42e9b678d7,https://gitlab.cc-asp.fraunhofer.de/hart/matolab_mechanik/-/raw/master/mol_tt.owl,1354.0,20.0,13.0,2.0,14.0,532.0,21.0,,1.0,,9.0,14.0,386.0,16.0,83.0,2468.0,100.0,29.0,387.0,17.0,20.0,84.0,0.0,1331.0,,,,,True,0.438,(1*impact+1*dashboard)/2,0.0,0.0,1.0,0.219,0.0,0.0,True,RDF/XML Syntax,23.0,1553.0,987.0,27.0,[],Missing ontology license. Missing registry license.,ERROR,PASS,0 invalid IRIs. The Ontology IRI is not valid.,fp3,ERROR,Version IRI 'https://gitlab.cc-asp.fraunhofer.de/hart/matolab_mechanik/-/raw/master/mol_tt.owl' is not in recommended format,WARN,Missing domain (scope),ERROR,PASS,PASS,ERROR,Missing tracker and usages,ERROR,Missing contact information,ERROR,PASS,Version IRI does not have date information,INFO,ERROR,PASS,7 errors,ERROR,7.0,1.0,1.0,,2.0,426.0,,1.0,2.0,,,,Missing tracker and usages,253.0,2.0,,,1.0,,,,,,,,,,,,,,,,,,,,,,,,,,,,,,,,,,,,,,,,,Missing homepage,,,,,,,,,,,,,,,,,,,,,,,,,,
35,True,"['mseo', 'MSEOALT']",True,2024-06-19 11:31:54.054807,https://raw.githubusercontent.com/ebrahimnorouzi/mseo.github.io/master/Ontology_files/MSEO.ttl,MSEO,632af0a14f4e12c8d333e638fdcf70f7a21356e4fef6f26a57b9b923cfc63254,,2321.0,2.0,,2.0,1.0,424.0,12.0,35.0,49.0,,127.0,128.0,334.0,2.0,92.0,3595.0,100.0,58.0,239.0,3.0,2.0,129.0,0.0,1476.0,45.0,127.0,161.0,88.0,True,0.444,(1*impact+1*dashboard)/2,0.0,0.0,1.0,0.222,0.0,0.0,True,Turtle,17.0,2262.0,539.0,1.0,[],Missing registry license.,ERROR,WARN,0 invalid IRIs. The Ontology IRI is not valid.,fp3,ERROR,Missing version IRI,ERROR,Missing domain (scope),ERROR,PASS,PASS,PASS,Missing usages,ERROR,Missing contact information,ERROR,PASS,Missing version IRI to check date,ERROR,PASS,PASS,7 errors,ERROR,7.0,0.0,1.0,,31.0,15.0,,23.0,103.0,,,819.0,,1045.0,,,,9.0,2.0,,1.0,1.0,22.0,,,"OWL syntax (Turtle), but should be RDF/XML",,,,,,,,35.0,,,,,,,,,2.0,,,,,,,,,,,,,,,,,,,,,,,,,,,,,,,,,,,,,,,,,,
36,True,"['MSLE', 'MSLEALT']",True,2024-06-19 11:35:33.139112,https://raw.githubusercontent.com/ebrahimnorouzi/mseo.github.io/master/Ontology_files/MSLE.owl,MSLE,c5f5f030b264d225a19a35f7914387e4f07ca34af0e5909244b72718230c87df,,341.0,6.0,,,1.0,160.0,18.0,,13.0,,,,159.0,,1.0,706.0,100.0,19.0,103.0,4.0,2.0,36.0,6.0,502.0,48.0,,,,True,0.378,(1*impact+1*dashboard)/2,0.0,0.0,1.0,0.189,0.0,0.0,True,OWL/XML Syntax,22.0,638.0,177.0,1.0,[],Missing ontology license. Missing registry license.,ERROR,WARN,0 invalid IRIs. The Ontology IRI is not valid.,fp3,ERROR,Missing version IRI,ERROR,Missing domain (scope),ERROR,PASS,PASS,PASS,Missing tracker and usages,ERROR,Missing contact information,ERROR,PASS,Missing version IRI to check date,ERROR,ERROR,PASS,8 errors,ERROR,8.0,0.0,1.0,,,,,7.0,1.0,,,96.0,Missing tracker and usages,,10.0,,,2.0,1.0,,4.0,,,,,"OWL syntax (OWL/XML Syntax), but should be RDF/XML",,,,,3.0,,,,9.0,,13.0,,,,,,,,,,,,,,,,,,,,,,,,,72.0,,,,,,,,,,,,,,,,,,,,,,,
37,True,"['matonto', 'MATONTOALT']",True,2024-06-19 11:32:35.470673,https://raw.githubusercontent.com/ebrahimnorouzi/mseo.github.io/master/Ontology_files/MatOnto.ttl,MatOnto,d91cb6aa57c37be0f552e6b327b26e8a638ab9a87d147eeadff5cdb4293f5fe5,,1841.0,125.0,53.0,,10.0,1074.0,163.0,282.0,30.0,195.0,68.0,73.0,1190.0,3.0,74.0,5235.0,100.0,17.0,848.0,13.0,131.0,83.0,0.0,5142.0,96.0,394.0,489.0,66.0,False,0.444,(1*impact+1*dashboard)/2,0.0,0.0,1.0,0.222,0.0,0.0,True,Turtle,5.0,7332.0,1771.0,193.0,[],Missing ontology license. Missing registry license.,ERROR,WARN,0 invalid IRIs. The Ontology IRI is not valid.,fp3,ERROR,Missing version IRI,ERROR,Missing domain (scope),ERROR,PASS,PASS,PASS,Missing usages,ERROR,Missing contact information,ERROR,PASS,Missing version IRI to check date,ERROR,PASS,PASS,7 errors,ERROR,7.0,0.0,1.0,,,,,,7.0,,19.0,23.0,,,,,,2.0,,,,16.0,15.0,,,"OWL syntax (Turtle), but should be RDF/XML",1.0,3.0,,,,144.0,4.0,,20.0,,10.0,,,,,,,,,,,,,,,,,,,,,,,,,,17.0,,,,,,,,,,,,,,,,,,,,,,
38,True,"['materialsmine', 'MATERIALSMINEALT']",True,2024-06-19 11:32:43.557424,https://raw.githubusercontent.com/ebrahimnorouzi/mseo.github.io/master/Ontology_files/MaterialsMine.ttl,MaterialsMine,599abc0d28c2b375e794d1ba44795805502fb2c3e02cc125eb94777ac5499f97,,159.0,,,35.0,35.0,90.0,,,1.0,,26.0,26.0,13.0,30.0,12.0,427.0,100.0,4.0,26.0,39.0,0.0,27.0,0.0,164.0,,,,23.0,False,0.444,(1*impact+1*dashboard)/2,0.0,0.0,1.0,0.222,0.0,0.0,True,Turtle,2.0,434.0,174.0,19.0,[],Missing ontology license. Missing registry license.,ERROR,WARN,0 invalid IRIs. The Ontology IRI is not valid.,fp3,ERROR,Missing version IRI,ERROR,Missing domain (scope),ERROR,PASS,PASS,PASS,Missing usages,ERROR,Missing contact information,ERROR,PASS,Missing version IRI to check date,ERROR,PASS,PASS,7 errors,ERROR,7.0,0.0,1.0,,,,,,,,1.0,,,,,,,,,,,,,,,"OWL syntax (Turtle), but should be RDF/XML",,,,,,,,,,,,,,,,,,,,,,,,,,,,,,,,,,,,,,,,,,,,,,,,,,,,,,,,,,,
39,True,"['npo', 'NPOALT']",True,2024-06-19 11:32:41.024594,https://raw.githubusercontent.com/ebrahimnorouzi/mseo.github.io/master/Ontology_files/NPO.owl,NPO,f10c4a23773c793696737aabf33aa51d3de0916199852b6b79b2d339c25e1a1c,,11343.0,,,,1.0,2014.0,12277.0,395.0,2.0,,16.0,19.0,2781.0,,64.0,28924.0,100.0,24.0,1906.0,22.0,0.0,65.0,0.0,33527.0,125.0,470.0,1478.0,88.0,False,0.467,(1*impact+1*dashboard)/2,0.0,0.0,1.0,0.234,0.0,0.0,True,RDF/XML Syntax,2.0,44743.0,2110.0,112.0,[],Missing ontology license. Missing registry license.,ERROR,PASS,0 invalid IRIs. The Ontology IRI is not valid.,fp3,ERROR,Missing version IRI,ERROR,Missing domain (scope),ERROR,PASS,PASS,PASS,Missing usages,ERROR,Missing contact information,ERROR,PASS,Missing version IRI to check date,ERROR,PASS,PASS,7 errors,ERROR,7.0,0.0,0.0,7.0,,,,,10.0,,,,,,,,,,,,,,4.0,,,,,1.0,,,,111.0,,,1.0,,,,,,,,,,,,,,,,,,,,,,,,,,,,,,,,,,,,,,,,,,,,,,,,,,
40,True,"['nanomine', 'NANOMINEALT']",True,2024-06-19 11:32:56.662405,https://raw.githubusercontent.com/ebrahimnorouzi/mseo.github.io/master/Ontology_files/nanomine.ttl,NanoMine,69035580100f10dc62a4712052e473ec800467398e712ce758bfc46323820267,,8930.0,20.0,,,,1965.0,82.0,50.0,84.0,,33.0,32.0,2189.0,,217.0,13699.0,100.0,34.0,1747.0,1.0,20.0,215.0,0.0,6563.0,28.0,92.0,419.0,42.0,False,0.444,(1*impact+1*dashboard)/2,0.0,0.0,1.0,0.222,0.0,0.0,True,Turtle,,8393.0,3760.0,16.0,[],Missing ontology license. Missing registry license.,ERROR,WARN,0 invalid IRIs. The Ontology IRI is not valid.,fp3,ERROR,Missing version IRI,ERROR,Missing domain (scope),ERROR,PASS,PASS,PASS,Missing usages,ERROR,Missing contact information,ERROR,PASS,Missing version IRI to check date,ERROR,PASS,PASS,7 errors,ERROR,7.0,0.0,1.0,,,,,1727.0,2882.0,23.0,1.0,320.0,,,1.0,2.0,,16.0,8.0,3.0,1.0,35.0,28.0,,,"OWL syntax (Turtle), but should be RDF/XML",,1.0,,2.0,,3.0,17.0,7.0,27.0,54.0,19.0,,,,,,,,,,,,,,,,,,,,3.0,1.0,,,,8.0,,,,,,,,,,,,,,,,,,,,,,,
41,True,"['oa', 'OAALT']",True,2024-06-19 11:33:26.645269,https://raw.githubusercontent.com/ebrahimnorouzi/mseo.github.io/master/Ontology_files/OA.ttl,OA,f661e37d33bf29176390101687711734a7e33a716bdecfb66b90c732373d7af5,,204.0,20.0,,5.0,11.0,21.0,,,,,6.0,8.0,14.0,,,295.0,100.0,16.0,25.0,11.0,17.0,8.0,0.0,88.0,,,,,False,0.444,(1*impact+1*dashboard)/2,0.0,0.0,1.0,0.222,0.0,0.0,True,Turtle,,135.0,203.0,11.0,[],Missing ontology license. Missing registry license.,ERROR,WARN,0 invalid IRIs. The Ontology IRI is not valid.,fp3,ERROR,Missing version IRI,ERROR,Missing domain (scope),ERROR,PASS,PASS,PASS,Missing usages,ERROR,Missing contact information,ERROR,PASS,Missing version IRI to check date,ERROR,PASS,PASS,7 errors,ERROR,7.0,0.0,1.0,,,,,,,,,1.0,,,6.0,,,,,,,,,,,"OWL syntax (Turtle), but should be RDF/XML",,,,,,,,,,,,,,,,,,,,,,,,,,,,,,,,,,,6.0,,,,,,,,,,,,,,,,,,,,,,,,
42,True,"['obo', 'OBOALT']",True,2024-06-19 11:29:27.666976,https://raw.githubusercontent.com/ebrahimnorouzi/mseo.github.io/master/Ontology_files/OBO.ttl,OBO,128f5fe1dab7ee804a3037a836813e5953c846eeeefee883a47d5db0b37a106b,http://purl.obolibrary.org/obo/bfo/2020/bfo-core.ttl,323.0,,,,,87.0,10.0,,17.0,,40.0,40.0,66.0,,6.0,602.0,100.0,13.0,36.0,0.0,0.0,40.0,0.0,286.0,31.0,13.0,,22.0,True,0.549,(1*impact+1*dashboard)/2,0.095,0.0,1.0,0.322,0.0,8.0,True,Turtle,,,76.0,,"['CHEMINF', 'CHMO', 'CSO', 'MDO', 'OEO', 'PATO', 'SEMMD', 'SP', 'UO']",Missing registry license.,ERROR,WARN,0 invalid IRIs. The Ontology IRI is not valid.,fp3,ERROR,Version IRI 'http://purl.obolibrary.org/obo/bfo/2020/bfo-core.ttl' is not in recommended format,WARN,Missing domain (scope),ERROR,PASS,PASS,PASS,Missing usages,ERROR,Missing contact information,ERROR,PASS,Version IRI does not have date information,INFO,PASS,PASS,5 errors,ERROR,5.0,1.0,2.0,,,,,3.0,79.0,,,176.0,,496.0,,,,6.0,1.0,,,,6.0,,,"OWL syntax (Turtle), but should be RDF/XML",,,,,,,,13.0,,,,,,,,,,,,,,,,,,,,,,,,,,,,,,,,,,,,,,,,,,,,,,,,,,,
43,True,"['oeo', 'OEOALT']",True,2024-06-19 11:33:36.277687,https://raw.githubusercontent.com/ebrahimnorouzi/mseo.github.io/master/Ontology_files/oeo.owl,OEO,95a0ef256ef80406c0490a9529c7f97a38384855a8c846cf441f18f82fdf07d4,http://openenergy-platform.org/ontology/oeo/releases/2.3.0/oeo.omn,6785.0,228.0,,2.0,,1814.0,47.0,185.0,18.0,323.0,91.0,90.0,2426.0,,122.0,12168.0,100.0,45.0,1358.0,2.0,202.0,139.0,0.0,7439.0,16.0,301.0,1347.0,63.0,True,0.571,(1*impact+1*dashboard)/2,0.0,0.0,1.0,0.285,0.0,0.0,True,RDF/XML Syntax,28.0,8785.0,2119.0,6.0,[],Missing registry license.,ERROR,PASS,0 invalid IRIs. The Ontology IRI is not valid.,fp3,ERROR,Version IRI 'http://openenergy-platform.org/ontology/oeo/releases/2.3.0/oeo.omn' is not in recommended format,WARN,Missing domain (scope),ERROR,PASS,PASS,PASS,Missing usages,ERROR,Missing contact information,ERROR,PASS,Version IRI does not have date information,INFO,PASS,PASS,5 errors,ERROR,5.0,1.0,1.0,,3.0,5010.0,,5.0,13.0,1473.0,118.0,,,856.0,1.0,1.0,17.0,,,1.0,,1.0,,639.0,149.0,,,,,,,4.0,,18.0,2.0,83.0,2.0,6.0,,,,,,,2.0,,,,587.0,2.0,,,,,,,,,,,,,7.0,1.0,,,,,,,,,,,,,,,,,,,,,
44,True,"['OIEcharacterisation-methods', 'OIECHARACTERISATION-METHODSALT']",True,2024-06-19 11:35:07.167197,https://raw.githubusercontent.com/ebrahimnorouzi/mseo.github.io/master/Ontology_files/OIEcharacterisation-methods.ttl,OIEcharacterisation-methods,53d93a805f8e72035fab6c03c892c1a1614a22529d7cb6ddcd5a2100b4a92369,,6687.0,5.0,,5.0,5.0,1954.0,30.0,279.0,9.0,,97.0,123.0,2226.0,8.0,235.0,11901.0,100.0,63.0,1691.0,10.0,5.0,201.0,0.0,7228.0,18.0,17.0,316.0,68.0,False,0.378,(1*impact+1*dashboard)/2,0.0,0.0,1.0,0.189,0.0,0.0,True,Turtle,25.0,12559.0,952.0,13.0,[],Missing ontology license. Missing registry license.,ERROR,WARN,0 invalid IRIs. The Ontology IRI is not valid.,fp3,ERROR,Missing version IRI,ERROR,Missing domain (scope),ERROR,PASS,PASS,PASS,Missing tracker and usages,ERROR,Missing contact information,ERROR,PASS,Missing version IRI to check date,ERROR,ERROR,PASS,8 errors,ERROR,8.0,0.0,1.0,17.0,35.0,,,27.0,,,213.0,2318.0,Missing tracker and usages,,9.0,22.0,12.0,,2.0,35.0,,14.0,5.0,,,"OWL syntax (Turtle), but should be RDF/XML",79.0,3.0,12.0,3.0,2.0,203.0,3.0,3.0,11.0,2.0,1.0,,,,,,,,,,,,,,,,,,,,,,,,2.0,,,,,,,,,,,,,,,,,,,,,,,,
45,True,"['OIEmanufacturing', 'OIEMANUFACTURINGALT']",True,2024-06-19 11:35:02.007387,https://raw.githubusercontent.com/ebrahimnorouzi/mseo.github.io/master/Ontology_files/OIEmanufacturing.ttl,OIEmanufacturing,a2c94d36ee2f86f1841da305d8d590e6ecf2f65934e4f4428d73a01493e694b1,http://emmo.info/emmo/domain/oie/manufacturing,944.0,1.0,,,,505.0,1.0,25.0,4.0,,25.0,29.0,453.0,,66.0,2113.0,100.0,23.0,434.0,0.0,1.0,55.0,0.0,1562.0,5.0,7.0,21.0,22.0,False,0.482,(1*impact+1*dashboard)/2,0.0,0.0,1.0,0.241,0.0,0.0,True,Turtle,11.0,2148.0,189.0,,[],Missing registry license.,ERROR,WARN,0 invalid IRIs. The Ontology IRI is not valid.,fp3,ERROR,Version IRI 'http://emmo.info/emmo/domain/oie/manufacturing' is not in recommended format,WARN,Missing domain (scope),ERROR,PASS,PASS,PASS,Missing tracker and usages,ERROR,Missing contact information,ERROR,PASS,Version IRI does not have date information,INFO,ERROR,PASS,6 errors,ERROR,6.0,1.0,2.0,11.0,11.0,,,6.0,,,,543.0,Missing tracker and usages,,,3.0,,,,11.0,,6.0,5.0,,,"OWL syntax (Turtle), but should be RDF/XML",13.0,,,,,,,1.0,,1.0,,,,,,,,,,,,,,,,,,,,,,,,,,,,,,,,,,,,,,,,,,,,,,,,,
46,True,"['OIEmaterials', 'OIEMATERIALSALT']",True,2024-06-19 11:35:04.931970,https://raw.githubusercontent.com/ebrahimnorouzi/mseo.github.io/master/Ontology_files/OIEmaterials.ttl,OIEmaterials,f58873041bcce9b5c64f59f6a4aebc15a21d438772d09e049dbf20733f22e2e7,http://emmo.info/emmo/domain/oie/materials,490.0,1.0,,,,228.0,1.0,16.0,4.0,,5.0,7.0,197.0,,35.0,1044.0,100.0,23.0,182.0,0.0,1.0,30.0,0.0,729.0,5.0,4.0,14.0,16.0,False,0.482,(1*impact+1*dashboard)/2,0.0,0.0,1.0,0.241,0.0,0.0,True,Turtle,11.0,1065.0,128.0,,[],Missing registry license.,ERROR,WARN,0 invalid IRIs. The Ontology IRI is not valid.,fp3,ERROR,Version IRI 'http://emmo.info/emmo/domain/oie/materials' is not in recommended format,WARN,Missing domain (scope),ERROR,PASS,PASS,PASS,Missing tracker and usages,ERROR,Missing contact information,ERROR,PASS,Version IRI does not have date information,INFO,ERROR,PASS,6 errors,ERROR,6.0,1.0,2.0,11.0,11.0,,,6.0,,,,237.0,Missing tracker and usages,,,3.0,,,,11.0,,6.0,5.0,,,"OWL syntax (Turtle), but should be RDF/XML",13.0,,,,,,,1.0,,1.0,,,,,,,,,,,,,,,,,,,,,,,,,,,,,,,,,,,,,,,,,,,,,,,,,
47,True,"['OIEmodels', 'OIEMODELSALT']",True,2024-06-19 11:34:56.802720,https://raw.githubusercontent.com/ebrahimnorouzi/mseo.github.io/master/Ontology_files/OIEmodels.ttl,OIEmodels,ef92772196762142e7ca4d19376a3610cf1a60ca2918d26fd81a844638302145,http://emmo.info/emmo/domain/oie/models,981.0,1.0,,2.0,1.0,438.0,,41.0,4.0,,44.0,50.0,357.0,1.0,96.0,2094.0,100.0,26.0,335.0,3.0,1.0,81.0,0.0,1282.0,9.0,5.0,58.0,34.0,False,0.482,(1*impact+1*dashboard)/2,0.0,0.0,1.0,0.241,0.0,0.0,True,Turtle,14.0,2211.0,172.0,10.0,[],Missing registry license.,ERROR,WARN,0 invalid IRIs. The Ontology IRI is not valid.,fp3,ERROR,Version IRI 'http://emmo.info/emmo/domain/oie/models' is not in recommended format,WARN,Missing domain (scope),ERROR,PASS,PASS,PASS,Missing tracker and usages,ERROR,Missing contact information,ERROR,PASS,Version IRI does not have date information,INFO,ERROR,PASS,6 errors,ERROR,6.0,1.0,2.0,12.0,15.0,,,6.0,,,8.0,488.0,Missing tracker and usages,,,8.0,,,5.0,16.0,,6.0,5.0,,,"OWL syntax (Turtle), but should be RDF/XML",9.0,2.0,,3.0,3.0,8.0,3.0,4.0,5.0,1.0,,,,,,,,,,,,,,,,,,,,,,,,,,,,,,,,,,,,,,,,,,,,,,,,,
48,True,"['OIEsoftware', 'OIESOFTWAREALT']",True,2024-06-19 11:34:59.047445,https://raw.githubusercontent.com/ebrahimnorouzi/mseo.github.io/master/Ontology_files/OIEsoftware.ttl,OIEsoftware,10ffcdb39bc634581d9176613d121c681135ab920d0de41874bd42ec3b906b06,,1100.0,1.0,,,,660.0,1.0,27.0,4.0,,25.0,29.0,619.0,,66.0,2592.0,100.0,23.0,593.0,0.0,1.0,55.0,0.0,2053.0,5.0,7.0,21.0,22.0,False,0.378,(1*impact+1*dashboard)/2,0.0,0.0,1.0,0.189,0.0,0.0,True,Turtle,11.0,2639.0,190.0,,[],Missing ontology license. Missing registry license.,ERROR,WARN,0 invalid IRIs. The Ontology IRI is not valid.,fp3,ERROR,Missing version IRI,ERROR,Missing domain (scope),ERROR,PASS,PASS,PASS,Missing tracker and usages,ERROR,Missing contact information,ERROR,PASS,Missing version IRI to check date,ERROR,ERROR,PASS,8 errors,ERROR,8.0,0.0,1.0,11.0,11.0,,,6.0,,,,698.0,Missing tracker and usages,,,3.0,,,,11.0,,6.0,5.0,,,"OWL syntax (Turtle), but should be RDF/XML",13.0,,,,,,,1.0,,1.0,,,,,,,,,,,,,,,,,,,,,,,,,,,,,,,,,,,,,,,,,,,,,,,,,
49,True,,True,,https://raw.githubusercontent.com/ebrahimnorouzi/mseo.github.io/master/Ontology_files/OM.ttl,OM,cb9c93cc4113fa91ccd50587ec8f4f02a9fcced5017f4fb585c96421f45dc4aa,,,,,,,,,,,,,,,,,,,,,,,,,,,,,,,,,,,,,,,,,,,,,,,,,,,,,,,,,,,,,,,,,,,,,,,,,,,,,,,,,,,,,,,,,,,,,,,,,,,,,,,,,,,,,,,,,,,,,,,,failed_robot_base,,,,,,,,,,,,,,,,,,,,,,,,,,,,,,,,,,
50,True,"['osmo', 'OSMOALT']",True,2024-06-19 11:29:15.698186,https://raw.githubusercontent.com/ebrahimnorouzi/mseo.github.io/master/Ontology_files/OSMO.ttl,OSMO,f5607ac23be84f0b24bd494db56a732b0b2b61cf54ec5089e15eff16534b4042,,360.0,103.0,23.0,36.0,36.0,316.0,7.0,18.0,8.0,74.0,133.0,136.0,282.0,38.0,180.0,1786.0,100.0,12.0,173.0,46.0,116.0,152.0,0.0,1218.0,1.0,17.0,26.0,2.0,False,0.378,(1*impact+1*dashboard)/2,0.0,0.0,1.0,0.189,0.0,0.0,True,Turtle,8.0,2628.0,262.0,120.0,[],Missing registry license.,ERROR,WARN,0 invalid IRIs. The Ontology IRI is not valid.,fp3,ERROR,Missing version IRI,ERROR,Missing domain (scope),ERROR,PASS,PASS,PASS,Missing tracker and usages,ERROR,Missing contact information,ERROR,PASS,Missing version IRI to check date,ERROR,ERROR,PASS,8 errors,ERROR,8.0,0.0,1.0,,,,,,,,,100.0,Missing tracker and usages,,,,,4.0,,,3.0,,5.0,,,"OWL syntax (Turtle), but should be RDF/XML",21.0,2.0,,,1.0,55.0,6.0,,6.0,4.0,,1.0,,1.0,1.0,,,,,,,,,,,,,,,,,2.0,,,,,,,,,,,,,,,,,,,,,,,,,,,
51,True,"['P-Plan', 'P-PLANALT']",True,2024-06-19 11:33:24.011006,https://raw.githubusercontent.com/ebrahimnorouzi/mseo.github.io/master/Ontology_files/P-Plan.owl,P-Plan,25e7d34a27ac4cd8609c0b56cc92821fd224a5c1f2fe1e83e0ee26a2dbbc8f73,,45.0,1.0,,,,27.0,,,2.0,,9.0,9.0,4.0,,,101.0,100.0,13.0,11.0,0.0,1.0,9.0,0.0,37.0,,,,,False,0.4,(1*impact+1*dashboard)/2,0.0,0.0,1.0,0.2,0.0,0.0,True,RDF/XML Syntax,1.0,67.0,32.0,,[],Missing registry license.,ERROR,PASS,0 invalid IRIs. The Ontology IRI is not valid.,fp3,ERROR,Missing version IRI,ERROR,Missing domain (scope),ERROR,PASS,PASS,PASS,Missing tracker and usages,ERROR,Missing contact information,ERROR,PASS,Missing version IRI to check date,ERROR,ERROR,PASS,8 errors,ERROR,8.0,0.0,0.0,,,,,4.0,,22.0,,,Missing tracker and usages,,,,,3.0,,,,,1.0,,,,,,,,,,,,,,,,,,,,,,,,,,,,,,,,,,,,,,,,,,,,,,,,,,,,,,,,,,,,,,
52,True,"['PATO', 'PATOALT']",True,,https://raw.githubusercontent.com/ebrahimnorouzi/mseo.github.io/master/Ontology_files/PATO.owl,PATO,44e9269d861cd6cee4af1d41480bcd4580863d32d2668af299f3c1e0eaaa6bc6,,96738.0,,,,,11135.0,392.0,6147.0,44.0,,66.0,58.0,23882.0,,284.0,139020.0,74.35,213.0,10624.0,0.0,0.0,306.0,0.0,78469.0,96.0,6217.0,16614.0,9.0,False,,,0.107,0.0,0.743,,0.0,9.0,True,RDF/XML Syntax,1006.0,11.0,11989.0,1122.0,"['A', 'CHEMINF', 'IAO', 'O', 'P', 'SEMMD', 'T', 'UO', 'nfdicore']",,,,,,,,,,,,,,,,,,,,,,,,,,,,,85.0,10660.0,,1098.0,49.0,,322.0,3.0,,5463.0,374.0,1.0,,2.0,1.0,2.0,120.0,6.0,32.0,13101.0,98869.0,,,,25.0,,,,,179.0,8.0,,7.0,,,,,,3093.0,37414.0,2.0,,8646.0,1327.0,,2963.0,failed_ontology_dashboard,True,,,,,,,,,,,,,1.0,137.0,2.0,5475.0,6.0,2.0,1062.0,32.0,2.0,21172.0,,,,,,,,,,,
53,True,"['PLDO', 'PLDOALT']",True,2024-06-19 11:35:27.979616,https://raw.githubusercontent.com/ebrahimnorouzi/mseo.github.io/master/Ontology_files/pldo.owl,PLDO,e847218b9843a2182ac1362deb615832cf9c1b26273a65f49b2dde06d422acb3,,126.0,,,7.0,4.0,42.0,,,,,2.0,2.0,10.0,5.0,,212.0,100.0,26.0,11.0,7.0,0.0,2.0,0.0,42.0,,,,,True,0.4,(1*impact+1*dashboard)/2,0.0,0.0,1.0,0.2,0.0,0.0,True,RDF/XML Syntax,,76.0,47.0,4.0,[],Missing ontology license. Missing registry license.,ERROR,PASS,0 invalid IRIs. The Ontology IRI is not valid.,fp3,ERROR,Missing version IRI,ERROR,Missing domain (scope),ERROR,PASS,PASS,PASS,Missing tracker and usages,ERROR,Missing contact information,ERROR,PASS,Missing version IRI to check date,ERROR,ERROR,PASS,8 errors,ERROR,8.0,0.0,0.0,2.0,12.0,43.0,,21.0,8.0,,,55.0,Missing tracker and usages,,,,,,,,,,,,,,,,,,,,,,,,,,,,,,,,,,,,,,,,,,,,,,,,,,,,,,,,,,,,,,,,,,,,,,,,
54,True,"['pmdco', 'PMDCOALT']",True,2024-06-19 11:29:05.409872,https://raw.githubusercontent.com/ebrahimnorouzi/mseo.github.io/master/Ontology_files/PMDCO.ttl,PMDCO,979a53c342f275af50b492c6b7a12a3c4dddcc5f551eba2a45f0a08f7345041e,https://w3id.org/pmd/co,2226.0,2.0,,7.0,6.0,413.0,13.0,42.0,49.0,3.0,61.0,53.0,288.0,5.0,51.0,3247.0,100.0,37.0,290.0,12.0,9.0,109.0,0.0,1142.0,,15.0,47.0,12.0,False,0.549,(1*impact+1*dashboard)/2,0.0,0.0,1.0,0.275,0.0,0.0,True,Turtle,12.0,1233.0,1228.0,7.0,[],Missing registry license.,ERROR,WARN,0 invalid IRIs. The Ontology IRI is not valid.,fp3,ERROR,Version IRI 'https://w3id.org/pmd/co' is not in recommended format,WARN,Missing domain (scope),ERROR,PASS,PASS,PASS,Missing usages,ERROR,Missing contact information,ERROR,PASS,Version IRI does not have date information,INFO,PASS,PASS,5 errors,ERROR,5.0,1.0,2.0,2.0,10.0,,,7.0,3.0,1004.0,10.0,482.0,,,,,,1.0,,,13.0,,,,,"OWL syntax (Turtle), but should be RDF/XML",,,2.0,,,,2.0,,,,,,,,,,3.0,,,,,,,,,,,,,,,1.0,,,,,,,,,,,,,,,,,,,,,,,,,,,
55,True,"['PODO', 'PODOALT']",True,2024-06-19 11:35:20.200250,https://raw.githubusercontent.com/ebrahimnorouzi/mseo.github.io/master/Ontology_files/podo.owl,PODO,6c8696700fab81aa44e3b2b7e4d4db53ac54c902930b5230484eca21d4050513,,109.0,,,1.0,5.0,37.0,,,,,,,10.0,,,176.0,100.0,26.0,10.0,5.0,0.0,0.0,0.0,31.0,,,,,True,0.4,(1*impact+1*dashboard)/2,0.0,0.0,1.0,0.2,0.0,0.0,True,RDF/XML Syntax,,42.0,44.0,5.0,[],Missing ontology license. Missing registry license.,ERROR,PASS,0 invalid IRIs. The Ontology IRI is not valid.,fp3,ERROR,Missing version IRI,ERROR,Missing domain (scope),ERROR,PASS,PASS,PASS,Missing tracker and usages,ERROR,Missing contact information,ERROR,PASS,Missing version IRI to check date,ERROR,ERROR,PASS,8 errors,ERROR,8.0,0.0,0.0,2.0,12.0,34.0,,21.0,8.0,,,50.0,Missing tracker and usages,,,,,,,,,,,,,,,,,,,,,,,,,,,,,,,,,,,,,,,,,,,,,,,,,,,,,,,,,,,,,,,,,,,,,,,,
56,True,"['PRIMA', 'PRIMAALT']",True,2024-06-19 11:35:30.563630,https://raw.githubusercontent.com/ebrahimnorouzi/mseo.github.io/master/Ontology_files/prima-core.ttl,PRIMA,cd1293da2d7c87e8a5a9aa0d65386e72190c06dae5e1134a17673ca010005572,,44.0,,,,,47.0,,,,,6.0,9.0,38.0,,1.0,146.0,100.0,14.0,21.0,2.0,0.0,15.0,0.0,114.0,,,21.0,2.0,True,0.378,(1*impact+1*dashboard)/2,0.0,0.0,1.0,0.189,0.0,0.0,True,Turtle,,158.0,32.0,,[],Missing registry license.,ERROR,WARN,0 invalid IRIs. The Ontology IRI is not valid.,fp3,ERROR,Missing version IRI,ERROR,Missing domain (scope),ERROR,PASS,PASS,PASS,Missing tracker and usages,ERROR,Missing contact information,ERROR,PASS,Missing version IRI to check date,ERROR,ERROR,PASS,8 errors,ERROR,8.0,0.0,1.0,,1.0,,,6.0,,26.0,,2.0,Missing tracker and usages,,,,,,,,,,,,,"OWL syntax (Turtle), but should be RDF/XML",,,,,,,,,,,,,,,,,,,,,,,,,,,,,,,,,,,,,,,,,,,,,,,,,,,,,,,,,,,
57,True,"['prov', 'PROVOALT']",True,2024-06-19 11:32:14.452140,http://www.w3.org/ns/prov-o.owl,PROVO,02a4d7409ee3e1f697a04e4980d8d208a847cc7fa5180ca0d187540abb66919f,http://www.w3.org/ns/prov-o-20130430,678.0,,,6.0,5.0,104.0,4.0,,3.0,2.0,45.0,41.0,29.0,,33.0,973.0,10.91,22.0,31.0,6.0,4.0,44.0,0.0,202.0,,,,6.0,False,0.504,(1*impact+1*dashboard)/2,0.143,0.0,0.109,0.324,0.0,12.0,True,RDF/XML Syntax,4.0,4.0,282.0,5.0,"['ASMO', 'DSIM', 'MDO', 'NanoMine', 'OEO', 'P-Plan', 'PMDCO', 'PRIMA', 'QUDT', 'bmo', 'm4i', 'opmw']",Missing ontology license. Missing registry license.,ERROR,PASS,0 invalid IRIs. The Ontology IRI is not valid.,fp3,ERROR,Version IRI 'http://www.w3.org/ns/prov-o-20130430' is not in recommended format,WARN,Missing domain (scope),ERROR,PASS,PASS,PASS,Missing tracker and usages,ERROR,Missing contact information,ERROR,PASS,Version IRI does not have date information,INFO,ERROR,PASS,6 errors,ERROR,6.0,1.0,1.0,2.0,8.0,,,,,908.0,8.0,,Missing tracker and usages,,,,,,,,13.0,,,,,,,,,,,,,,,,,,,,,,,,,,,,,,,,,,,,,1.0,,,,,,,,,,,,,,,,,,,,,,,,,,,
58,True,,True,,https://raw.githubusercontent.com/ebrahimnorouzi/mseo.github.io/master/Ontology_files/photovoltaics.ttl,Photovoltaics,5a0bfc4defad0c1ac772e0935608afb365db94324330c1013a873800a1057735,,,,,,,,,,,,,,,,,,,,,,,,,,,,,,,,,,,,,,,,,,,,,,,,,,,,,,,,,,,,,,,,,,,,,,,,,,,,,,,,,,,,,,,,,,,,,,,,,,,,,,,,,,,,,,,,,,,,,,,,failed_robot_base,,,,,,,,,,,,,,,,,,,,,,,,,,,,,,,,,,
59,True,"['qudt', 'QUDTALT']",True,2024-06-19 11:33:29.746170,https://raw.githubusercontent.com/ebrahimnorouzi/mseo.github.io/master/Ontology_files/QUDT.ttl,QUDT,ab63705c5d0ff851df1a8352db57c520f81934cd3455b664fba08e2575af6c8e,http://qudt.org/2.1/schema/qudt,1307.0,54.0,117.0,2.0,79.0,364.0,6.0,13.0,20.0,11.0,9.0,53.0,341.0,18.0,50.0,2499.0,100.0,52.0,149.0,103.0,80.0,149.0,0.0,838.0,68.0,,,4.0,False,0.549,(1*impact+1*dashboard)/2,0.0,0.0,1.0,0.275,0.0,0.0,True,Turtle,85.0,1834.0,1102.0,198.0,[],Missing ontology license. Missing registry license.,ERROR,WARN,0 invalid IRIs. The Ontology IRI is not valid.,fp3,ERROR,Version IRI 'http://qudt.org/2.1/schema/qudt' is not in recommended format,WARN,Missing domain (scope),ERROR,PASS,PASS,PASS,Missing usages,ERROR,Missing contact information,ERROR,PASS,Version IRI does not have date information,INFO,PASS,PASS,5 errors,ERROR,5.0,1.0,2.0,19.0,10.0,,,207.0,2.0,1.0,36.0,172.0,,,,,,7.0,1.0,,,5.0,5.0,,,"OWL syntax (Turtle), but should be RDF/XML",,7.0,,4.0,14.0,,,,4.0,,12.0,,,13.0,9.0,,,,,,,,,,,,,,,,,32.0,,,,,,,,,,,,,,,,,1.0,59.0,,,,,,,,,
60,True,"['qudv', 'QUDVALT']",True,2024-06-19 11:34:01.469788,https://raw.githubusercontent.com/ebrahimnorouzi/mseo.github.io/master/Ontology_files/QUDV.owl,QUDV,8cc177d340a0eda317f9410ef8b8c7326bc7e135cea88eb97b1ee8b80ade7500,,52.0,,,,11.0,48.0,3.0,18.0,1.0,,,14.0,21.0,,2.0,187.0,100.0,3.0,22.0,11.0,0.0,14.0,0.0,134.0,5.0,10.0,6.0,1.0,True,0.333,(1*impact+1*dashboard)/2,0.0,0.0,1.0,0.167,0.0,0.0,True,RDF/XML Syntax,13.0,240.0,49.0,24.0,[],Missing ontology license. Missing registry license.,ERROR,PASS,0 invalid IRIs. The Ontology IRI is not valid.,fp3,ERROR,Missing version IRI,ERROR,Missing domain (scope),ERROR,PASS,PASS,ERROR,Missing tracker and usages,ERROR,Missing contact information,ERROR,PASS,Missing version IRI to check date,ERROR,ERROR,PASS,9 errors,ERROR,9.0,0.0,0.0,,,,,,4.0,,,,Missing tracker and usages,,,9.0,,,,5.0,,,,,,,,3.0,,,18.0,,,,6.0,,,,,,,,,,,,,,,,,,,,,,,3.0,Homepage URL (https://www.omgwiki.org/OMGSysML/doku.php?id=sysml-qudv:quantities_units_dimensions_values_qudv) does not resolve,,,,,,,,,,,,,,,,,8.0,,,,,,,,,
61,True,"['saref', 'SAREFALT']",True,2024-06-19 11:33:17.945559,https://raw.githubusercontent.com/ebrahimnorouzi/mseo.github.io/master/Ontology_files/SAREF.ttl,SAREF,4ec9aba7c21b084f627016bc609149cedf231899202f03377539cac2e4b676a3,https://saref.etsi.org/core/v3.1.1/,264.0,10.0,,,,141.0,4.0,,7.0,,28.0,30.0,147.0,,,631.0,100.0,15.0,81.0,5.0,10.0,35.0,0.0,447.0,40.0,,26.0,2.0,True,0.482,(1*impact+1*dashboard)/2,0.0,0.0,1.0,0.241,0.0,0.0,True,Turtle,1.0,660.0,266.0,1.0,[],Missing registry license.,ERROR,WARN,0 invalid IRIs. The Ontology IRI is not valid.,fp3,ERROR,Version IRI 'https://saref.etsi.org/core/v3.1.1/' is not in recommended format,WARN,Missing domain (scope),ERROR,PASS,PASS,PASS,Missing tracker and usages,ERROR,Missing contact information,ERROR,PASS,Version IRI does not have date information,INFO,ERROR,PASS,6 errors,ERROR,6.0,1.0,2.0,,,,,8.0,,,,,Missing tracker and usages,,,,,,,,,,,,,"OWL syntax (Turtle), but should be RDF/XML",,,,1.0,1.0,,,,2.0,,7.0,,,,,,,,,,,,,,,,,,,,,,,,,,,,,,,,,,,,,,,2.0,,,,,,,,,
62,True,"['semmd', 'SEMMDALT']",True,2024-06-19 11:32:38.361891,https://raw.githubusercontent.com/ebrahimnorouzi/mseo.github.io/master/Ontology_files/SEMMD.ttl,SEMMD,c805907a6c25fda70340c2dbdaf8f9f7ac82055585caaa05b26cf6b1c8d444d7,http://www.linkedmodel.org/explore/1.2/schema/vaem,5238.0,1815.0,3617.0,4.0,35.0,848.0,22.0,22.0,33.0,2051.0,21.0,23.0,955.0,11.0,48.0,14827.0,100.0,90.0,689.0,42.0,1254.0,108.0,0.0,4302.0,38.0,10.0,75.0,,False,0.504,(1*impact+1*dashboard)/2,0.0,0.0,1.0,0.252,0.0,0.0,True,Turtle,85.0,19365.0,2286.0,1256.0,[],Missing ontology license. Missing registry license.,ERROR,WARN,0 invalid IRIs. The Ontology IRI is not valid.,fp3,ERROR,Version IRI does not resolve,ERROR,Missing domain (scope),ERROR,PASS,PASS,PASS,Missing usages,ERROR,Missing contact information,ERROR,PASS,Version IRI does not have date information,INFO,PASS,PASS,6 errors,ERROR,6.0,1.0,1.0,13.0,4.0,2884.0,,30.0,183.0,,2423.0,546.0,,344.0,4.0,,,9.0,1.0,1.0,2.0,2.0,5.0,153.0,37.0,"OWL syntax (Turtle), but should be RDF/XML",,8.0,,3.0,9.0,19.0,,1.0,3.0,121.0,4.0,2.0,36.0,1.0,7.0,,,,57.0,,6.0,,10.0,2.0,,,,,,,,6.0,,,1.0,,,,,,,,,,,,,,,17.0,3.0,,,,,,,,
63,True,"['skos_mdo', 'SKOS_MDOALT']",True,2024-06-19 11:33:01.761471,https://raw.githubusercontent.com/ebrahimnorouzi/mseo.github.io/master/Ontology_files/SKOS_MDO.ttl,SKOS_MDO,559f66ca1a7feb00349cc2cb176d63b7fcfb6258d9b08153611ef11db34b4088,,3491.0,994.0,,,,1015.0,,,,,,,,,,5500.0,100.0,19.0,2.0,0.0,994.0,0.0,0.0,996.0,,,,,True,0.378,(1*impact+1*dashboard)/2,0.0,0.0,1.0,0.189,0.0,0.0,True,Turtle,,1988.0,,,[],Missing ontology license. Missing registry license.,ERROR,WARN,0 invalid IRIs. The Ontology IRI is not valid.,fp3,ERROR,Missing version IRI,ERROR,Missing domain (scope),ERROR,PASS,PASS,PASS,Missing tracker and usages,ERROR,Missing contact information,ERROR,PASS,Missing version IRI to check date,ERROR,ERROR,PASS,8 errors,ERROR,8.0,0.0,1.0,,,,,526.0,18.0,,,3962.0,Missing tracker and usages,,,,,,,,,,,,,"OWL syntax (Turtle), but should be RDF/XML",,,,,,,,,,,,,,,,,,,,,,,,,,,,,,,,,,,,,,,,,,,,,,,,,,,,,,,,,,,
64,True,"['service', 'SOALT']",True,2024-06-19 11:29:34.726771,https://raw.githubusercontent.com/ebrahimnorouzi/mseo.github.io/master/Ontology_files/SO.owl,SO,6c4fd361d464c2b1a4745aff2a6cc518ba21fd906606829512a2067fc0565083,,41.0,1.0,,2.0,1.0,12.0,,,3.0,,6.0,6.0,2.0,,,74.0,100.0,11.0,7.0,2.0,1.0,6.0,0.0,23.0,,,,,False,0.467,(1*impact+1*dashboard)/2,0.0,0.0,1.0,0.234,0.0,0.0,True,RDF/XML Syntax,,53.0,41.0,1.0,[],Missing ontology license. Missing registry license.,ERROR,PASS,0 invalid IRIs. The Ontology IRI is not valid.,fp3,ERROR,Missing version IRI,ERROR,Missing domain (scope),ERROR,PASS,PASS,PASS,Missing usages,ERROR,Missing contact information,ERROR,PASS,Missing version IRI to check date,ERROR,PASS,PASS,7 errors,ERROR,7.0,0.0,0.0,,,,,,,,,,,,,,,,,,,,,,,,,,,,,,,,,,,,,,,,,,,,,,,,,,,,,,,,,,,,,,,,,,,,,,,,,,,,,,,,,,
65,True,"['sp', 'SPALT']",True,2024-06-19 11:29:32.558334,https://raw.githubusercontent.com/ebrahimnorouzi/mseo.github.io/master/Ontology_files/SP.owl,SP,5ce7fd2e5caf483fbf0cd5d1f71d9d955ad6f6f8761df407aa98cdd4c5c058dc,,1781.0,45.0,,,,494.0,74.0,1.0,2.0,62.0,33.0,25.0,475.0,,4.0,2999.0,100.0,18.0,399.0,0.0,45.0,43.0,0.0,1607.0,5.0,,72.0,1.0,False,0.467,(1*impact+1*dashboard)/2,0.0,0.0,1.0,0.234,0.0,0.0,True,RDF/XML Syntax,,1477.0,780.0,,[],Missing registry license.,ERROR,PASS,0 invalid IRIs. The Ontology IRI is not valid.,fp3,ERROR,Missing version IRI,ERROR,Missing domain (scope),ERROR,PASS,PASS,PASS,Missing usages,ERROR,Missing contact information,ERROR,PASS,Missing version IRI to check date,ERROR,PASS,PASS,7 errors,ERROR,7.0,0.0,0.0,,,1068.0,,8.0,,,,,,4.0,,,,,,,,,3.0,2.0,,,,,,,,,,,,,,,,,,,241.0,,60.0,,,,,22.0,,,,,,,,,,,,,,,,,,27.0,,,10.0,,,12.0,,,,9.0,13.0,83.0,14.0,34.0,,,
66,True,"['ssn', 'SSNALT']",True,2024-06-19 11:29:29.948961,https://raw.githubusercontent.com/ebrahimnorouzi/mseo.github.io/master/Ontology_files/SSN.ttl,SSN,c70b0d1c843c0047e4c98e0a89392e46a05752ff6365bda7f7f55303905a0392,,248.0,2.0,,,1.0,53.0,,,9.0,,,,,,,313.0,100.0,17.0,16.0,2.0,1.0,21.0,0.0,18.0,,,,,True,0.378,(1*impact+1*dashboard)/2,0.0,0.0,1.0,0.189,0.0,0.0,True,Turtle,,61.0,111.0,1.0,[],Missing registry license.,ERROR,WARN,0 invalid IRIs. The Ontology IRI is not valid.,fp3,ERROR,Missing version IRI,ERROR,Missing domain (scope),ERROR,PASS,PASS,PASS,Missing tracker and usages,ERROR,Missing contact information,ERROR,PASS,Missing version IRI to check date,ERROR,ERROR,PASS,8 errors,ERROR,8.0,0.0,1.0,,,,,6.0,,,,69.0,Missing tracker and usages,,4.0,,,,,,,,,,,"OWL syntax (Turtle), but should be RDF/XML",,,,,,,,,,,,,,,,,,,,,,,,,,,,,,,,,,,,72.0,,,,,,,,,,,,,,,,,,,,,,,
67,True,"['uo', 'UOALT']",True,2024-06-19 11:33:32.296868,https://raw.githubusercontent.com/ebrahimnorouzi/mseo.github.io/master/Ontology_files/UO.owl,UO,bf88b575b24f76072c2adf2348da7a9bc594432e4aca0637c24c152dcf24dfd1,,1369.0,,,,,885.0,,350.0,,,,,793.0,,,3397.0,100.0,4.0,609.0,0.0,272.0,2.0,0.0,2705.0,44.0,78.0,78.0,44.0,False,0.467,(1*impact+1*dashboard)/2,0.0,0.0,1.0,0.234,0.0,0.0,True,RDF/XML Syntax,,415.0,956.0,,[],Missing ontology license. Missing registry license.,ERROR,PASS,0 invalid IRIs. The Ontology IRI is not valid.,fp3,ERROR,Missing version IRI,ERROR,Missing domain (scope),ERROR,PASS,PASS,PASS,Missing usages,ERROR,Missing contact information,ERROR,PASS,Missing version IRI to check date,ERROR,PASS,PASS,7 errors,ERROR,7.0,0.0,0.0,,,,,,,,,,,,,,,,,,,,,,,,,,,,,,,,,,,,,,272.0,,,,,,96.0,,3153.0,124.0,,,,,,,,,,,,,,,,,,,,,,,,,,,,,,,,,,,
68,True,"['wild', 'WILDALT']",True,2024-06-19 11:33:21.328689,https://raw.githubusercontent.com/ebrahimnorouzi/mseo.github.io/master/Ontology_files/WILD.owl,WILD,79db205400a9ae3495cf1c2550d2bb3844916d4f3986294f53e35a7ecc81cf0c,,2.0,10.0,,,1.0,17.0,4.0,,,,13.0,13.0,9.0,,1.0,73.0,100.0,8.0,19.0,1.0,10.0,13.0,0.0,78.0,,,,,False,0.4,(1*impact+1*dashboard)/2,0.0,0.0,1.0,0.2,0.0,0.0,True,RDF/XML Syntax,,119.0,2.0,1.0,[],Missing ontology license. Missing registry license.,ERROR,PASS,0 invalid IRIs. The Ontology IRI is not valid.,fp3,ERROR,Missing version IRI,ERROR,Missing domain (scope),ERROR,PASS,PASS,PASS,Missing tracker and usages,ERROR,Missing contact information,ERROR,PASS,Missing version IRI to check date,ERROR,ERROR,PASS,8 errors,ERROR,8.0,0.0,0.0,,2.0,,,,,,2.0,,Missing tracker and usages,,,,,,,,,,1.0,,,,,,,,,,,,,,,,,,,,,,,,,,,,,,,,,,,,,,,2.0,,,,,,,,,,,,,,,,,,,,,,,
69,True,"['bmo', 'BMOALT']",True,2024-06-19 11:33:12.354280,https://raw.githubusercontent.com/ebrahimnorouzi/mseo.github.io/master/Ontology_files/bmo.ttl,bmo,7a078e0d8dac52660796c59ee5694c00fb5b9760a0d9adbf3f64560e95231c7c,,612.0,20.0,,30.0,27.0,419.0,51.0,14.0,39.0,,148.0,150.0,141.0,5.0,87.0,1749.0,100.0,29.0,177.0,31.0,20.0,177.0,0.0,967.0,,,,14.0,False,0.378,(1*impact+1*dashboard)/2,0.0,0.0,1.0,0.189,0.0,0.0,True,Turtle,10.0,1730.0,399.0,23.0,[],Missing registry license.,ERROR,WARN,0 invalid IRIs. The Ontology IRI is not valid.,fp3,ERROR,Missing version IRI,ERROR,Missing domain (scope),ERROR,PASS,PASS,PASS,Missing tracker and usages,ERROR,Missing contact information,ERROR,PASS,Missing version IRI to check date,ERROR,ERROR,PASS,8 errors,ERROR,8.0,0.0,1.0,,,2.0,,9.0,10.0,6.0,,221.0,Missing tracker and usages,93.0,2.0,,1.0,,,,,1.0,,,,"OWL syntax (Turtle), but should be RDF/XML",,,,,,,,,,,,,2.0,,,,,,,,,,,,,,,,,,,,,,,,,,,,,,,,,,,,,,,,,,,,2.0,,
70,True,,True,,https://raw.githubusercontent.com/ebrahimnorouzi/mseo.github.io/master/Ontology_files/enanomapper.owl,enanomapper,ef01042c246d39cfe9d992f46b20ee2ec2626eeb56219f5db41e47a194741105,,,,,,,,,,,,,,,,,,,,,,,,,,,,,,,,,,,,,,,,,,,,,,,,,,,,,,,,,,,,,,,,,,,,,,,,,,,,,,,,,,,,,,,,,,,,,,,,,,,,,,,,,,,,,,,,,,,,,,,,failed_robot_base,,,,,,,,,,,,,,,,,,,,,,,,,,,,,,,,,,
71,True,"['m4i', 'M4IALT']",True,2024-06-19 11:34:07.723418,https://git.rwth-aachen.de/nfdi4ing/metadata4ing/metadata4ing/-/raw/develop/metadata4ing.ttl,m4i,dce55452b05402f90b9dc63026334f66a28e0fabde3cb67b1e4a7b1795580259,http://w3id.org/nfdi4ing/metadata4ing/1.2.1,751.0,21.0,,31.0,35.0,190.0,,1.0,15.0,,41.0,36.0,42.0,14.0,18.0,1203.0,100.0,42.0,38.0,37.0,21.0,57.0,0.0,247.0,,,4.0,5.0,False,0.482,(1*impact+1*dashboard)/2,0.0,0.0,1.0,0.241,0.0,0.0,True,Turtle,13.0,505.0,100.0,25.0,[],Missing registry license.,ERROR,WARN,0 invalid IRIs. The Ontology IRI is not valid.,fp3,ERROR,Version IRI 'http://w3id.org/nfdi4ing/metadata4ing/1.2.1' is not in recommended format,WARN,Missing domain (scope),ERROR,PASS,PASS,PASS,Missing tracker and usages,ERROR,Missing contact information,ERROR,PASS,Version IRI does not have date information,INFO,ERROR,PASS,6 errors,ERROR,6.0,1.0,2.0,,,,,17.0,,70.0,2.0,667.0,Missing tracker and usages,35.0,20.0,,,,1.0,,2.0,,5.0,37.0,,"OWL syntax (Turtle), but should be RDF/XML",,,,,8.0,,,,1.0,,3.0,,,,,,,,,,,,,,,,,,,,,,,,,,,,,,,,,,,,,,,2.0,,,,,,,,,
72,True,"['mat', 'MATALT']",True,2024-06-19 11:34:21.535013,https://bimerr.iot.linkeddata.es/def/material-properties/ontology.ttl,mat,c7fffe8e3dc90ba232248c202f47885270ac377f868084b2c00e8ba23a771eeb,,202.0,,,,7.0,167.0,,,,,,,173.0,,,549.0,100.0,10.0,140.0,8.0,0.0,13.0,0.0,459.0,12.0,,,,True,0.444,(1*impact+1*dashboard)/2,0.0,0.0,1.0,0.222,0.0,0.0,True,Turtle,,533.0,219.0,17.0,[],Missing ontology license. Missing registry license.,ERROR,WARN,0 invalid IRIs. The Ontology IRI is not valid.,fp3,ERROR,Missing version IRI,ERROR,,PASS,PASS,PASS,PASS,Missing tracker and usages,ERROR,Invalid contact information,ERROR,PASS,Missing version IRI to check date,ERROR,ERROR,PASS,7 errors,ERROR,7.0,0.0,1.0,,,,,,5.0,,,,Missing tracker and usages,,,,,,,,,,,,,"OWL syntax (Turtle), but should be RDF/XML",,,,9.0,6.0,,,,2.0,,4.0,,,,,,,,,,,,,,,,,,,,,,,,,,,,,,,,,,,,,,,12.0,,,,,,,,,
73,True,"['matinfo', 'MATINFOALT']",True,2024-06-19 11:32:51.260650,https://raw.githubusercontent.com/ebrahimnorouzi/mseo.github.io/master/Ontology_files/matinfo.owl,matinfo,3cd05e5edfcaae86c8418c4c0514e6fa489b3ba5584e7885b9713dc2f42378f3,,104.0,479.0,16.0,62.0,10.0,704.0,,,,22.0,31.0,30.0,597.0,,,2056.0,100.0,3.0,606.0,66.0,488.0,31.0,0.0,2405.0,,,,3.0,False,0.333,(1*impact+1*dashboard)/2,0.0,0.0,1.0,0.167,0.0,0.0,True,RDF/XML Syntax,,3214.0,104.0,26.0,[],Missing ontology license. Missing registry license.,ERROR,PASS,0 invalid IRIs. The Ontology IRI is not valid.,fp3,ERROR,Missing version IRI,ERROR,Missing domain (scope),ERROR,PASS,PASS,ERROR,Missing tracker and usages,ERROR,Missing contact information,ERROR,PASS,Missing version IRI to check date,ERROR,ERROR,PASS,9 errors,ERROR,9.0,0.0,0.0,,,,,,,,,,Missing tracker and usages,,,,,,,,,,,,,,,,,,,,,,,,,,,,,,,,,,,,,,,,,,,,,,Homepage URL (https://www.researchgate.net/publication/262004148_MaterialOntology) does not resolve,,1.0,,,,,,,,,,,,,,,,,,,,,,,,
74,True,,True,,https://raw.githubusercontent.com/ebrahimnorouzi/mseo.github.io/master/Ontology_files/metal-alloy.owl,metal-alloy,2c27e955ca0472979d234edfd65537c15333b47dcec2cb6c53f896f20c691624,,,,,,,,,,,,,,,,,,,,,,,,,,,,,,,,,,,,,,,,,,,,,,,,,,,,,,,,,,,,,,,,,,,,,,,,,,,,,,,,,,,,,,,,,,,,,,,,,,,,,,,,,,,,,,,,,,,,,,,,failed_robot_base,,,,,,,,,,,,,,,,,,,,,,,,,,,,,,,,,,
75,True,"['mvc', 'MVCALT']",True,2024-06-19 11:34:04.216160,https://raw.githubusercontent.com/ebrahimnorouzi/mseo.github.io/master/Ontology_files/mvc.ttl,mvc,f7913df96c4ce7a7633a07f46e20f46e2ab769721f6e58f324c376b75bf37dff,,75.0,,,3.0,2.0,29.0,,7.0,2.0,,18.0,12.0,6.0,,,154.0,100.0,14.0,28.0,3.0,0.0,12.0,0.0,73.0,,,,,False,0.444,(1*impact+1*dashboard)/2,0.0,0.0,1.0,0.222,0.0,0.0,True,Turtle,,124.0,75.0,2.0,[],Missing registry license.,ERROR,WARN,0 invalid IRIs. The Ontology IRI is not valid.,fp3,ERROR,Missing version IRI,ERROR,Missing domain (scope),ERROR,PASS,PASS,PASS,Missing usages,ERROR,Missing contact information,ERROR,PASS,Missing version IRI to check date,ERROR,PASS,PASS,7 errors,ERROR,7.0,0.0,1.0,,,,,,,,,2.0,,,1.0,,,,,,,,,,,"OWL syntax (Turtle), but should be RDF/XML",,,,,,,,,,,,,,,,,,,,,,,,,,,,,,,,,,,,,,,,,,,,,,,,,,,,,,,,,,,
76,True,"['mwo', 'MWOALT']",True,2024-06-19 11:34:14.097289,https://raw.githubusercontent.com/ebrahimnorouzi/mseo.github.io/master/Ontology_files/mwo.owl,mwo,4aa8ad071a324596b7f79680cfe18ca9494ed9cb5fe33a084ac7f4f55a1d5234,,557.0,4.0,,24.0,3.0,262.0,,7.0,21.0,,54.0,54.0,92.0,6.0,8.0,1113.0,100.0,50.0,116.0,28.0,5.0,74.0,0.0,463.0,1.0,,1.0,17.0,False,0.4,(1*impact+1*dashboard)/2,0.0,0.0,1.0,0.2,0.0,0.0,True,RDF/XML Syntax,8.0,751.0,346.0,5.0,[],Missing registry license.,ERROR,PASS,0 invalid IRIs. The Ontology IRI is not valid.,fp3,ERROR,Missing version IRI,ERROR,Missing domain (scope),ERROR,PASS,PASS,PASS,Missing tracker and usages,ERROR,Missing contact information,ERROR,PASS,Missing version IRI to check date,ERROR,ERROR,PASS,8 errors,ERROR,8.0,0.0,0.0,2.0,13.0,152.0,,34.0,8.0,,,13.0,Missing tracker and usages,13.0,13.0,,,,,,,4.0,,,44.0,,,1.0,,,,,2.0,,,,,,,,,,,,,,,,,,,,,,,,,,,,1.0,31.0,,,,,,,,,,,,,,,,,,,,,,4.0,
77,True,"['nfdicore', 'NFDICOREALT']",True,2024-06-19 11:34:11.130159,https://raw.githubusercontent.com/ISE-FIZKarlsruhe/nfdicore/main/nfdicore.ttl,nfdicore,bf035963552abc83d56145219fe042949f9dd5b3b78a7e9beb838efb2a6293f6,https://nfdi.fiz-karlsruhe.de/ontology/2.0.0,3222.0,20.0,,12.0,10.0,541.0,21.0,21.0,44.0,,50.0,50.0,392.0,,66.0,4490.0,100.0,89.0,316.0,12.0,20.0,108.0,0.0,1361.0,7.0,26.0,91.0,7.0,True,0.549,(1*impact+1*dashboard)/2,0.0,0.0,1.0,0.275,0.0,0.0,True,Turtle,34.0,466.0,861.0,9.0,[],Missing registry license.,ERROR,WARN,0 invalid IRIs. The Ontology IRI is not valid.,fp3,ERROR,Version IRI 'https://nfdi.fiz-karlsruhe.de/ontology/2.0.0' is not in recommended format,WARN,Missing domain (scope),ERROR,PASS,PASS,PASS,Missing usages,ERROR,Missing contact information,ERROR,PASS,Version IRI does not have date information,INFO,PASS,PASS,5 errors,ERROR,5.0,1.0,2.0,1.0,8.0,3410.0,,8.0,29.0,,7.0,46.0,,367.0,4.0,,,4.0,1.0,1.0,2.0,1.0,4.0,140.0,33.0,"OWL syntax (Turtle), but should be RDF/XML",,4.0,9.0,,6.0,,,3.0,1.0,,1.0,2.0,4.0,1.0,3.0,22.0,,,77.0,6.0,16.0,,10.0,,,,,,,,,,,,,4.0,,,,,,,,,,,,,,,2.0,,,,,,,,1.0
78,True,"['ontorule', 'ONTORULEALT']",True,2024-06-19 11:33:14.553318,https://raw.githubusercontent.com/ebrahimnorouzi/mseo.github.io/master/Ontology_files/ONTORULEsteel.ttl,ontorule,bc62e3837749010989538f936d7ab8be4b3a00ec5c1f5bd76a2b5c19d374a74a,,108.0,26.0,9.0,14.0,22.0,78.0,2.0,,3.0,,10.0,10.0,16.0,25.0,10.0,361.0,100.0,8.0,24.0,26.0,13.0,11.0,0.0,120.0,,,,,False,0.311,(1*impact+1*dashboard)/2,0.0,0.0,1.0,0.155,0.0,0.0,True,Turtle,30.0,344.0,110.0,22.0,[],Missing ontology license. Missing registry license.,ERROR,WARN,0 invalid IRIs. The Ontology IRI is not valid.,fp3,ERROR,Missing version IRI,ERROR,Missing domain (scope),ERROR,PASS,PASS,ERROR,Missing tracker and usages,ERROR,Missing contact information,ERROR,PASS,Missing version IRI to check date,ERROR,ERROR,PASS,9 errors,ERROR,9.0,0.0,1.0,,,,,2.0,,,9.0,,Missing tracker and usages,,,,,6.0,,,,,,,,"OWL syntax (Turtle), but should be RDF/XML",,22.0,,,,,,,,,,,,,,,,,,,,,,,,,,,,,,,Missing homepage,,,,,,,,,,,,,,,,,,,,,,,,,,
79,True,"['m4i', 'OPMWALT']",True,2024-06-19 11:34:16.532477,https://www.opmw.org/model/OPMW/opmw3.1.owl,opmw,c5fa0b298ea232f74c9f0d0f9ed4df527ac9396bc53fd338da0c8813321a4757,,944.0,9.0,5.0,31.0,30.0,217.0,15.0,2.0,9.0,3.0,91.0,84.0,91.0,4.0,72.0,1678.0,100.0,30.0,64.0,36.0,12.0,102.0,6.0,512.0,10.0,,13.0,12.0,False,0.4,(1*impact+1*dashboard)/2,0.0,0.0,1.0,0.2,0.0,0.0,True,RDF/XML Syntax,19.0,706.0,553.0,37.0,[],Missing registry license.,ERROR,PASS,0 invalid IRIs. The Ontology IRI is not valid.,fp3,ERROR,Missing version IRI,ERROR,Missing domain (scope),ERROR,PASS,PASS,PASS,Missing tracker and usages,ERROR,Missing contact information,ERROR,PASS,Missing version IRI to check date,ERROR,ERROR,PASS,8 errors,ERROR,8.0,0.0,0.0,2.0,8.0,,,8.0,2.0,915.0,9.0,,Missing tracker and usages,,2.0,,,17.0,5.0,,19.0,,1.0,,,,,19.0,,2.0,,,3.0,,,,,,,,,,,,,,,,,,,,,,,,,1.0,,,,,,,,,,,,,,,,,,,,,,,,,,,4.0
80,True,"['periodictable', 'PERIODICTABLEALT']",True,2024-06-19 11:33:04.148569,https://raw.githubusercontent.com/ebrahimnorouzi/mseo.github.io/master/Ontology_files/periodictable.owl,periodictable,b4244be0530283411c42dac535c8ff4d3de61144186348353e8352ff8182645d,,2.0,156.0,731.0,,,19.0,,3.0,,823.0,,,22.0,,,1756.0,100.0,3.0,7.0,7.0,156.0,6.0,0.0,197.0,7.0,,,,True,0.4,(1*impact+1*dashboard)/2,0.0,0.0,1.0,0.2,0.0,0.0,True,RDF/XML Syntax,3.0,4327.0,6.0,739.0,[],Missing ontology license. Missing registry license.,ERROR,PASS,0 invalid IRIs. The Ontology IRI is not valid.,fp3,ERROR,Missing version IRI,ERROR,Missing domain (scope),ERROR,PASS,PASS,PASS,Missing tracker and usages,ERROR,Missing contact information,ERROR,PASS,Missing version IRI to check date,ERROR,ERROR,PASS,8 errors,ERROR,8.0,0.0,0.0,,,,,,,,,,Missing tracker and usages,,,,,,,,,,,,,,,,,8.0,4.0,,,,3.0,,,,,,3.0,,,,,,,,,,,,,,,,,,,,,,,,,,,,,,,,,,,,,,,,,,,,
81,True,"['ssos', 'SSOSALT']",True,2024-06-19 11:34:18.826899,https://groups.niso.org/higherlogic/ws/public/download/26422/SSOS01.owl,ssos,51592cd5f6375ff0ecbe6a014ef5d59faab9e91ad4ae167d82712e34dea6c207,,79.0,,,3.0,20.0,76.0,6.0,,1.0,,1.0,4.0,23.0,17.0,13.0,244.0,100.0,3.0,27.0,21.0,0.0,19.0,0.0,100.0,,,,,True,0.378,(1*impact+1*dashboard)/2,0.0,0.0,1.0,0.189,0.0,0.0,True,OWL/XML Syntax,20.0,213.0,65.0,26.0,[],Missing ontology license. Missing registry license.,ERROR,WARN,0 invalid IRIs. The Ontology IRI is not valid.,fp3,ERROR,Missing version IRI,ERROR,Missing domain (scope),ERROR,PASS,PASS,PASS,Missing tracker and usages,ERROR,Missing contact information,ERROR,PASS,Missing version IRI to check date,ERROR,ERROR,PASS,8 errors,ERROR,8.0,0.0,1.0,,,,,,,,1.0,16.0,Missing tracker and usages,,,,,,,,,,1.0,,,"OWL syntax (OWL/XML Syntax), but should be RDF/XML",,,,1.0,,,,,,,,,,,,,,,,,,,,,,,,,,,,,,,,,,,,,,,,,,,,,,,,,,,,,,,
82,True,"['CMSO', 'TRIBAINALT']",True,2024-06-19 11:34:28.562906,https://raw.githubusercontent.com/ebrahimnorouzi/mseo.github.io/master/Ontology_files/tribAin.ttl,tribAIn,a179066e20df9bb584fe3ce719d70a3eda63484323587d3fda235523a6505c70,http://ktmfk.de/ontology/tribAIn,256.0,21.0,1.0,,2.0,339.0,5.0,,26.0,1.0,8.0,26.0,306.0,2.0,47.0,1063.0,100.0,18.0,238.0,6.0,21.0,59.0,0.0,921.0,20.0,2.0,36.0,1.0,True,0.438,(1*impact+1*dashboard)/2,0.0,0.0,1.0,0.219,0.0,0.0,True,Turtle,1.0,1483.0,187.0,4.0,[],License should use property 'http://purl.org/dc/terms/license'. Missing registry license.,ERROR,WARN,0 invalid IRIs. The Ontology IRI is not valid.,fp3,ERROR,Version IRI does not resolve,ERROR,Missing domain (scope),ERROR,PASS,PASS,PASS,Missing tracker and usages,ERROR,Missing contact information,ERROR,PASS,Version IRI does not have date information,INFO,ERROR,PASS,7 errors,ERROR,7.0,1.0,1.0,3.0,5.0,,,,3.0,,,,Missing tracker and usages,,,,2.0,,,,4.0,1.0,3.0,,,"OWL syntax (Turtle), but should be RDF/XML",,,,,,,1.0,,3.0,,4.0,,,,,,,,,,,,,,,,,,,,,,,,5.0,,,,,,,,,,,,,,,,,,,,,,,,
83,True,"['vimmp', 'VIMMPALT']",True,,https://raw.githubusercontent.com/ebrahimnorouzi/mseo.github.io/master/Ontology_files/vimmp.owl,vimmp,d22a014085312695ca78f0d46351650aeecb52cc724ed71f53eabd58752ff260,,1848.0,1052.0,661.0,166.0,170.0,2763.0,49.0,192.0,94.0,652.0,517.0,520.0,1828.0,242.0,709.0,11863.0,100.0,19.0,1082.0,191.0,897.0,580.0,-1.0,7602.0,6.0,93.0,139.0,52.0,False,,,,,,,0.0,,False,RDF/XML Syntax,29.0,17812.0,1292.0,942.0,,,,,,,,,,,,,,,,,,,,,,,,,,,,,,,,,7.0,,,10.0,1204.0,,,,,3.0,18.0,,,62.0,32.0,38.0,,,,74.0,26.0,,2.0,12.0,103.0,33.0,2.0,66.0,211.0,17.0,25.0,2.0,1.0,6.0,,,,,,,,,44.0,inconsistent_ontology,,,,,,2.0,2.0,,,,,118.0,,,,,,,,,,,,,,,,,,,,,,
