,Unnamed: 0.1,Unnamed: 0,base_generated,base_prefixes,changed,date,mirror_from,namespace,sha256_hash,version,metrics.Axioms: Breakdown of axiom types.AnnotationAssertion,metrics.Axioms: Breakdown of axiom types.AnnotationPropertyDomain,metrics.Axioms: Breakdown of axiom types.AnnotationPropertyRangeOf,metrics.Axioms: Breakdown of axiom types.AsymmetricObjectProperty,metrics.Axioms: Breakdown of axiom types.ClassAssertion,metrics.Axioms: Breakdown of axiom types.DataPropertyDomain,metrics.Axioms: Breakdown of axiom types.Declaration,metrics.Axioms: Breakdown of axiom types.DifferentIndividuals,metrics.Axioms: Breakdown of axiom types.DisjointClasses,metrics.Axioms: Breakdown of axiom types.DisjointObjectProperties,metrics.Axioms: Breakdown of axiom types.EquivalentClasses,metrics.Axioms: Breakdown of axiom types.InverseObjectProperties,metrics.Axioms: Breakdown of axiom types.IrrefexiveObjectProperty,metrics.Axioms: Breakdown of axiom types.NegativeObjectPropertyAssertion,metrics.Axioms: Breakdown of axiom types.ObjectPropertyAssertion,metrics.Axioms: Breakdown of axiom types.ObjectPropertyDomain,metrics.Axioms: Breakdown of axiom types.ObjectPropertyRange,metrics.Axioms: Breakdown of axiom types.SameIndividual,metrics.Axioms: Breakdown of axiom types.SubAnnotationPropertyOf,metrics.Axioms: Breakdown of axiom types.SubClassOf,metrics.Axioms: Breakdown of axiom types.SubObjectPropertyOf,metrics.Axioms: Breakdown of axiom types.SymmetricObjectProperty,metrics.Axioms: Breakdown of axiom types.TransitiveObjectProperty,metrics.Axioms: Number of axioms,metrics.Entities: % of entities reused,metrics.Entities: Number of annotation properties,metrics.Entities: Number of classes,metrics.Entities: Number of data properties,metrics.Entities: Number of individuals,metrics.Entities: Number of object properties,metrics.Entities: Number of unsatisfiable classes,metrics.Info: Breakdown of OWL class expressions used.Class,metrics.Info: Breakdown of OWL class expressions used.DataHasValue,metrics.Info: Breakdown of OWL class expressions used.ObjectAllValuesFrom,metrics.Info: Breakdown of OWL class expressions used.ObjectComplementOf,metrics.Info: Breakdown of OWL class expressions used.ObjectExactCardinality,metrics.Info: Breakdown of OWL class expressions used.ObjectHasValue,metrics.Info: Breakdown of OWL class expressions used.ObjectIntersectionOf,metrics.Info: Breakdown of OWL class expressions used.ObjectMinCardinality,metrics.Info: Breakdown of OWL class expressions used.ObjectOneOf,metrics.Info: Breakdown of OWL class expressions used.ObjectSomeValuesFrom,metrics.Info: Breakdown of OWL class expressions used.ObjectUnionOf,metrics.Info: Does the ontology fall under OWL 2 DL?,metrics.Info: Experimental OBO score._dashboard,metrics.Info: Experimental OBO score._formula,metrics.Info: Experimental OBO score._impact,metrics.Info: Experimental OBO score._impact_external,metrics.Info: Experimental OBO score._reuse,metrics.Info: Experimental OBO score.oboscore,metrics.Info: How many externally documented uses?,metrics.Info: How many ontologies use it?,metrics.Info: Logical consistency,metrics.Info: Syntax,metrics.Info: Usage of namespaces in axioms.BFO,metrics.Info: Usage of namespaces in axioms.IAO,metrics.Info: Usage of namespaces in axioms.OMO,metrics.Info: Usage of namespaces in axioms.RO,metrics.Info: Usage of namespaces in axioms.UO,metrics.Info: Usage of namespaces in axioms.dc,metrics.Info: Usage of namespaces in axioms.dc11,metrics.Info: Usage of namespaces in axioms.foaf,metrics.Info: Usage of namespaces in axioms.obo,metrics.Info: Usage of namespaces in axioms.oboInOwl,metrics.Info: Usage of namespaces in axioms.owl,metrics.Info: Usage of namespaces in axioms.prefix_unknown,metrics.Info: Usage of namespaces in axioms.prov,metrics.Info: Usage of namespaces in axioms.rdf,metrics.Info: Usage of namespaces in axioms.rdfs,metrics.Info: Usage of namespaces in axioms.xsd,metrics.Info: Which ontologies use it?,results.FP01 Open.comment,results.FP01 Open.status,results.FP02 Common Format.status,results.FP03 URIs.comment,results.FP03 URIs.file,results.FP03 URIs.status,results.FP04 Versioning.comment,results.FP04 Versioning.status,results.FP05 Scope.comment,results.FP05 Scope.status,results.FP06 Textual Definitions.status,results.FP07 Relations.status,results.FP08 Documented.status,results.FP09 Plurality of Users.comment,results.FP09 Plurality of Users.status,results.FP11 Locus of Authority.comment,results.FP11 Locus of Authority.status,results.FP12 Naming Conventions.status,results.FP16 Maintenance.comment,results.FP16 Maintenance.status,results.FP20 Responsiveness.status,results.ROBOT Report.status,summary.comment,summary.status,summary.summary_count.ERROR,summary.summary_count.INFO,summary.summary_count.WARN,metrics.Axioms: Breakdown of axiom types.DataPropertyRange,metrics.Axioms: Breakdown of axiom types.SubDataPropertyOf,results.FP20 Responsiveness.comment,metrics.Axioms: Breakdown of axiom types.FunctionalObjectProperty,metrics.Axioms: Breakdown of axiom types.InverseFunctionalObjectProperty,metrics.Axioms: Breakdown of axiom types.SubPropertyChainOf,metrics.Info: Usage of namespaces in axioms.skos,results.FP02 Common Format.comment,metrics.Axioms: Breakdown of axiom types.DisjointUnion,metrics.Axioms: Breakdown of axiom types.FunctionalDataProperty,metrics.Axioms: Breakdown of axiom types.Rule,metrics.Info: Breakdown of OWL class expressions used.DataAllValuesFrom,metrics.Info: Breakdown of OWL class expressions used.DataExactCardinality,metrics.Info: Breakdown of OWL class expressions used.DataSomeValuesFrom,metrics.Axioms: Breakdown of axiom types.DataPropertyAssertion,metrics.Axioms: Breakdown of axiom types.ReflexiveObjectProperty,metrics.Axioms: Breakdown of axiom types.EquivalentDataProperties,metrics.Axioms: Breakdown of axiom types.EquivalentObjectProperties,metrics.Info: Breakdown of OWL class expressions used.ObjectMaxCardinality,results.FP08 Documented.comment,metrics.Info: Breakdown of OWL class expressions used.DataMinCardinality,metrics.Info: Usage of namespaces in axioms.APOLLO_SV,metrics.Info: Usage of namespaces in axioms.OBI,metrics.Info: Usage of namespaces in axioms.PATO,metrics.Info: Usage of namespaces in axioms.CHEBI,metrics.Info: Usage of namespaces in axioms.schema,metrics.Info: Breakdown of OWL class expressions used.ObjectHasSelf,metrics.Info: Usage of namespaces in axioms.BSPO,metrics.Info: Usage of namespaces in axioms.CARO,metrics.Info: Usage of namespaces in axioms.CL,metrics.Info: Usage of namespaces in axioms.ENVO,metrics.Info: Usage of namespaces in axioms.GO,metrics.Info: Usage of namespaces in axioms.NBO,metrics.Info: Usage of namespaces in axioms.NCBITaxon,metrics.Info: Usage of namespaces in axioms.PCO,metrics.Info: Usage of namespaces in axioms.PR,metrics.Info: Usage of namespaces in axioms.SO,metrics.Info: Usage of namespaces in axioms.UBERON,results.FP06 Textual Definitions.comment,results.ROBOT Report.comment,results.ROBOT Report.file,results.ROBOT Report.results.ERROR,results.ROBOT Report.results.INFO,results.ROBOT Report.results.WARN,metrics.Axioms: Breakdown of axiom types.DatatypeDefinition,metrics.Info: Breakdown of OWL class expressions used.DataMaxCardinality,metrics.Info: Usage of namespaces in axioms.GAZ,metrics.Info: Usage of namespaces in axioms.BCGO,metrics.Info: Usage of namespaces in axioms.BTO,metrics.Info: Usage of namespaces in axioms.CLO,metrics.Info: Usage of namespaces in axioms.ERO,metrics.Info: Usage of namespaces in axioms.PO,metrics.Axioms: Breakdown of axiom types.DisjointDataProperties,metrics.Info: Usage of namespaces in axioms.CHMO,metrics.Info: Usage of namespaces in axioms.GENEPIO,metrics.Info: Usage of namespaces in axioms.HP,metrics.Info: Usage of namespaces in axioms.NCIT,metrics.Info: Usage of namespaces in axioms.OAE,metrics.Info: Usage of namespaces in axioms.OBA,metrics.Info: Usage of namespaces in axioms.OBCS,metrics.Info: Usage of namespaces in axioms.STATO,failure,metrics.Info: Usage of namespaces in axioms.void,OWL2 profile information,Semantic expressivity,Does the ontology correspond to the RDFS profile?,Logical constructs used,Number of SWRL rules used,What serialisation is used for the ontology?,Number of tautological axioms,"If true, there is a definite cycle in the ontology. If false, cyclicity is unknown (experimental)",Number of logical axioms in ontology,Most frequently used class,Counts of OWL2 DL profile violations,Number of axioms using at least one term in a namespace,namespace_entity_count
0,0,0,TRUE,"['AMONTOLOGY', 'AMONTOLOGYALT']",TRUE,07:11.7,https://raw.githubusercontent.com/iassouroko/AMontology/master/AMOntology-vFinal1.owl,AMONTOLOGY,1f8ca5c0a964b5e7ed2fa64c22d0023c09d15a88adbfcd7a04cc7e564a24b0ba,http://openenergy-platform.org/ontology/oeo/releases/1.14.0/oeo.omn,9238,1,1,1,248,1,1869,7,47,1,138,17,1,1,320,73,72,7,20,2395,99,1,2,14560,100,100,1430,1,218,118,0,7180,4,16,18,2,79,187,2,3,1116,64,TRUE,0.571,(1*impact+1*dashboard)/2,0,0,1,0.285,0,0,TRUE,RDF/XML Syntax,794,4832,6,530,1224,5,22,1,26,2366,25,8683,278,125,2006,6,[],Missing registry license.,ERROR,PASS,0 invalid IRIs. The Ontology IRI is not valid.,fp3,ERROR,Version IRI 'http://openenergy-platform.org/ontology/oeo/releases/1.14.0/oeo.omn' is not in recommended format,WARN,Missing domain (scope),ERROR,PASS,PASS,PASS,Missing usages,ERROR,Missing contact information,ERROR,PASS,Version IRI does not have date information,INFO,PASS,PASS,5 errors,ERROR,5,1,1,,,,,,,,,,,,,,,,,,,,,,,,,,,,,,,,,,,,,,,,,,,,,,,,,,,,,,,,,,,,,,,,owl2,SROIQ(D),FALSE,AL,0,RDF/XML Syntax,0,FALSE,0,,"['UseOfNonSimplePropertyInCardinalityRestriction 1'
 'UseOfUndeclaredAnnotationProperty 2']",['BFO 19' 'IAO 5' 'RO 13' 'dc 2' 'dc11 2' 'rdf 1' 'rdfs 3'],"['BFO 42' 'IAO 90' 'OMO 3' 'RO 42' 'UO 378' 'dc 3' 'dc11 17' 'foaf 2'
 'obo 13' 'oboInOwl 18' 'owl 3' 'prefix_unknown 1242' 'rdf 1' 'rdfs 4'
 'xsd 5']"
1,1,1,TRUE,"['BWMD-DOMAIN', 'BWMD-DOMAINALT']",TRUE,04:55.4,https://raw.githubusercontent.com/ebrahimnorouzi/mseo.github.io/master/Ontology_files/BWMD_domain.owl,BWMD-DOMAIN,f1665b26bb03163d7f01211626356bbc30863f9f42f94494358a7c563bfb6bf9,https://gitlab.cc-asp.fraunhofer.de/EMI_datamanagement/bwmd_ontology/-/raw/master/BWMD_domain.owl,2151,,,,,2,849,,20,,,1,,,,8,13,,2,786,26,,,3879,100,29,787,12,0,27,0,2507,,,,,,,,,,,TRUE,0.504,(1*impact+1*dashboard)/2,0,0,1,0.252,0,0,TRUE,RDF/XML Syntax,258,426,,,,1,2,2,,,12,2471,,,1788,10,[],Missing ontology license. Missing registry license.,ERROR,PASS,0 invalid IRIs. The Ontology IRI is not valid.,fp3,ERROR,Version IRI 'https://gitlab.cc-asp.fraunhofer.de/EMI_datamanagement/bwmd_ontology/-/raw/master/BWMD_domain.owl' is not in recommended format,WARN,Missing domain (scope),ERROR,PASS,PASS,PASS,Missing tracker and usages,ERROR,Missing contact information,ERROR,PASS,Version IRI does not have date information,INFO,ERROR,PASS,6 errors,ERROR,6,1,1,10,11,Missing tracker and usages,,,,,,,,,,,,,,,,,,,,,,,,,,,,,,,,,,,,,,,,,,,,,,,,,,,,,,,,,,,,,owl2_dl,ALCHI(D),FALSE,AL,0,RDF/XML Syntax,0,FALSE,424,https://www.materials.fraunhofer.de/ontologies/BWMD_ontology/mid#BWMD_00249,[],['BFO 7' 'prefix_unknown 1300' 'rdfs 917'],"['BFO 37' 'IAO 13' 'dc 1' 'dc11 2' 'foaf 2' 'owl 4' 'prefix_unknown 792'
 'rdf 1' 'rdfs 4' 'xsd 7']"
2,2,2,TRUE,"['BWMD-MID', 'BWMD-MIDALT']",TRUE,04:51.2,https://raw.githubusercontent.com/ebrahimnorouzi/mseo.github.io/master/Ontology_files/BWMD_mid.owl,BWMD-MID,a3f53082fd4a6098d827a57b0a4be79e90f3a13c6a258d0ee7f74a36c007ad54,https://raw.githubusercontent.com/ebrahimnorouzi/mseo.github.io/master/Ontology_files/BWMD_mid.owl,1234,,,,,2,425,,20,,,1,,,,8,13,,2,362,26,,,2114,100,29,363,12,0,27,0,1235,,,,,,,,,,,TRUE,0.504,(1*impact+1*dashboard)/2,0,0,1,0.252,0,0,TRUE,RDF/XML Syntax,253,426,,,,1,2,2,,,12,1204,,,871,10,[],Missing ontology license. Missing registry license.,ERROR,PASS,0 invalid IRIs. The Ontology IRI is not valid.,fp3,ERROR,Version IRI 'https://raw.githubusercontent.com/ebrahimnorouzi/mseo.github.io/master/Ontology_files/BWMD_mid.owl' is not in recommended format,WARN,Missing domain (scope),ERROR,PASS,PASS,PASS,Missing tracker and usages,ERROR,Missing contact information,ERROR,PASS,Version IRI does not have date information,INFO,ERROR,PASS,6 errors,ERROR,6,1,1,10,11,Missing tracker and usages,,,,,,,,,,,,,,,,,,,,,,,,,,,,,,,,,,,,,,,,,,,,,,,,,,,,,,,,,,,,,owl2_dl,ALCHI(D),FALSE,AL,0,RDF/XML Syntax,11,FALSE,399,https://www.materials.fraunhofer.de/ontologies/BWMD_ontology/mid#BWMD_00008,[],['BFO 45' 'owl 11' 'prefix_unknown 1204' 'rdfs 761' 'xsd 10'],"['BFO 37' 'IAO 13' 'dc 1' 'dc11 2' 'foaf 2' 'owl 4' 'prefix_unknown 368'
 'rdf 1' 'rdfs 4' 'xsd 7']"
3,4,4,TRUE,"['CHAMEO', 'CHAMEOALT']",TRUE,07:15.9,https://raw.githubusercontent.com/emmo-repo/domain-characterisation-methodology/main/chameo.ttl,CHAMEO,24e76fa7da656e3641c37acfd4445b8c90fd9720633c9b9daf21165eb0318a23,http://emmo.info/emmo/domain/chameo/chameo,2128,,12,18,2,4,887,,3,10,69,1,24,,,76,83,,20,629,159,12,,4231,100,44,704,5,2,142,0,2656,8,14,4,9,1,16,1,,81,53,FALSE,0.549,(1*impact+1*dashboard)/2,0,0,1,0.275,0,0,TRUE,Turtle,,,,,,12,,1,,,22,4508,,18,327,12,[],Missing registry license.,ERROR,WARN,0 invalid IRIs. The Ontology IRI is not valid.,fp3,ERROR,Version IRI 'http://emmo.info/emmo/domain/chameo/chameo' is not in recommended format,WARN,Missing domain (scope),ERROR,PASS,PASS,PASS,Missing usages,ERROR,Missing contact information,ERROR,PASS,Version IRI does not have date information,INFO,PASS,PASS,5 errors,ERROR,5,1,2,3,1,,2,3,,963,"OWL syntax (Turtle), but should be RDF/XML",73,3,9,3,3,3,,,,,,,,,,,,,,,,,,,,,,,,,,,,,,,,,,,,,,,,,,,,,,,,,,owl2,ALCROIQ(D),FALSE,AL,0,Turtle,2,TRUE,137,http://emmo.info/emmo/domain/chameo/chameo#Sample,['UseOfReservedVocabularyForAnnotationPropertyIRI 16'],['dc 6' 'foaf 1' 'prefix_unknown 448' 'rdfs 141' 'skos 49' 'xsd 1'],"['dc 12' 'foaf 1' 'owl 8' 'prefix_unknown 869' 'rdf 1' 'rdfs 4' 'skos 3'
 'xsd 6']"
4,5,5,TRUE,"['cif-core', 'CIF-COREALT']",TRUE,05:18.3,https://raw.githubusercontent.com/ebrahimnorouzi/mseo.github.io/master/Ontology_files/cif-core.ttl,CIF-core,9f6d2fced7b235e7629d4b23a9de1f36c84e1840558d87a83aa7bc056c9b6088,,282,,3,1,14,,177,,,,3,,1,,16,,,,83,71,4,,2,678,100,88,68,2,18,5,0,273,,5,,1,,1,,,4,4,TRUE,0.444,(1*impact+1*dashboard)/2,0,0,1,0.222,0,0,TRUE,Turtle,,,,,,,,,,,5,907,,5,52,20,[],Missing ontology license. Missing registry license.,ERROR,WARN,0 invalid IRIs. The Ontology IRI is not valid.,fp3,ERROR,Missing version IRI,ERROR,Missing domain (scope),ERROR,PASS,PASS,PASS,Missing usages,ERROR,Missing contact information,ERROR,PASS,Missing version IRI to check date,ERROR,PASS,PASS,7 errors,ERROR,7,0,1,,1,,,1,,,"OWL syntax (Turtle), but should be RDF/XML",5,1,,1,,14,12,1,,,,,,,,,,,,,,,,,,,,,,,,,,,,,,,,,,,,,,,,,,,,,,,,owl2_dl,SRIQ(D),FALSE,AL,0,Turtle,0,FALSE,87,http://emmo.info/emmo/cif-core#SPACE_GROUP_SYMOP,[],['prefix_unknown 422' 'rdf 5' 'rdfs 2' 'xsd 7'],['owl 4' 'prefix_unknown 177' 'rdf 1' 'rdfs 1' 'xsd 5']
5,6,6,TRUE,"['deb', 'DEBALT']",TRUE,06:03.8,https://raw.githubusercontent.com/ProjectDebbie/Ontology_DEB/master/DEB_ont.owl,DEB,e03f95bc624b67253f3974898fb88320ca97be0d5510f59b7cee193797e022a1,,296,,,,,235,729,,,,8,,,,,22,14,,,666,,,,2135,100,11,601,109,0,12,0,2147,73,,,,,,,,,,TRUE,0.467,(1*impact+1*dashboard)/2,0,0,1,0.234,0,0,TRUE,RDF/XML Syntax,,,,,,64,,,,,4,2891,,,31,170,[],Missing ontology license. Missing registry license.,ERROR,PASS,0 invalid IRIs. The Ontology IRI is not valid.,fp3,ERROR,Missing version IRI,ERROR,Missing domain (scope),ERROR,PASS,PASS,PASS,Missing usages,ERROR,Missing contact information,ERROR,PASS,Missing version IRI to check date,ERROR,PASS,PASS,7 errors,ERROR,7,0,0,97,63,,,,,158,,,,,,,,,,5,,,,,,,,,,,,,,,,,,,,,,,,,,,,,,,,,,,,,,,,,,,,,,,owl2_rl,ALH(D),FALSE,AL,0,RDF/XML Syntax,4,TRUE,1110,http://www.semanticweb.org/osnathakimi/ontologies/deb#ClinicalStudy,[],['dc 64' 'owl 4' 'prefix_unknown 2891' 'rdfs 31' 'skos 158' 'xsd 170'],['dc 4' 'owl 1' 'prefix_unknown 724' 'rdf 1' 'rdfs 3' 'skos 1' 'xsd 2']
6,7,7,TRUE,"['diso', 'DISOALT']",TRUE,05:51.7,https://raw.githubusercontent.com/Materials-Data-Science-and-Informatics/dislocation-ontology/master/dislocation-ontology.ttl,DISO,0a3d0b1e22c300f864e2d2157b1599e4b5a7655209c679f4f7fbcd8cb59dc49e,,147,,,,,5,91,,6,,,1,,,,25,25,,,62,6,,,373,100,13,38,12,0,33,0,227,,26,,3,,17,,,22,8,TRUE,0.444,(1*impact+1*dashboard)/2,0,0,1,0.222,0,0,TRUE,Turtle,,,,,,5,,,,,1,400,,1,140,16,[],Missing registry license.,ERROR,WARN,0 invalid IRIs. The Ontology IRI is not valid.,fp3,ERROR,Missing version IRI,ERROR,Missing domain (scope),ERROR,PASS,PASS,PASS,Missing usages,ERROR,Missing contact information,ERROR,PASS,Missing version IRI to check date,ERROR,PASS,PASS,7 errors,ERROR,7,0,1,5,,,,,,4,"OWL syntax (Turtle), but should be RDF/XML",,,,,13,,,,,,,,,,,,,,,,,,,,,,,,,,,,,,,,,,,,,,,,,,,,,,,,,,,owl2_dl,ALCHIQ(D),FALSE,AL,0,Turtle,1,TRUE,135,https://purls.helmholtz-metadaten.de/diso#BurgersVector,[],['dc 5' 'owl 1' 'prefix_unknown 400' 'rdf 1' 'rdfs 140' 'skos 4' 'xsd 16'],['dc 5' 'owl 2' 'prefix_unknown 84' 'rdf 2' 'rdfs 4' 'skos 1' 'xsd 2']
7,8,8,TRUE,"['emmo', 'EMMOALT']",TRUE,02:09.2,https://raw.githubusercontent.com/emmo-repo/EMMO/master/emmo.ttl,EMMO,d4ee0c65ba7cc9bf556a731df3ff81612f0a4bdf95df2a492bded5b375d07519,http://emmo.info/emmo/1.0.0-beta,1743,,18,16,,2,539,,1,,62,,16,,,22,30,,22,623,47,7,8,3191,100,35,463,3,1,46,0,1919,125,47,5,5,1,6,,,106,12,FALSE,0.549,(1*impact+1*dashboard)/2,0,0,1,0.275,0,0,TRUE,Turtle,,,,,,6,,,,,27,3399,,105,298,30,[],Missing registry license.,ERROR,WARN,0 invalid IRIs. The Ontology IRI is not valid.,fp3,ERROR,Version IRI 'http://emmo.info/emmo/1.0.0-beta' is not in recommended format,WARN,Missing domain (scope),ERROR,PASS,PASS,PASS,Missing usages,ERROR,Missing contact information,ERROR,PASS,Version IRI does not have date information,INFO,PASS,PASS,5 errors,ERROR,5,1,2,1,1,,4,5,,572,"OWL syntax (Turtle), but should be RDF/XML",24,,,3,3,3,,,,,,,,,,,,,,,,,,,,,,,,,,,,,,,,,,,,,,,,,,,,,,,,,,owl2,SROIQ(D),FALSE,AL,0,Turtle,0,FALSE,0,,['UseOfReservedVocabularyForAnnotationPropertyIRI 17'],[],['dc 6' 'owl 7' 'prefix_unknown 528' 'rdf 1' 'rdfs 4' 'skos 3' 'xsd 6']
8,9,9,TRUE,"['emmo_bvc', 'EMMO_BVCALT']",TRUE,05:11.6,https://raw.githubusercontent.com/ebrahimnorouzi/mseo.github.io/master/Ontology_files/BVCO.ttl,EMMO_BVC,083958d2622aa5d30761f488faeaba5990c644ab70b4006d547c06765f5cf618,,4124,,19,16,2,2,1473,,6,,115,13,24,,,60,68,,23,2152,139,11,9,8317,100,36,1342,3,1,106,0,6164,130,66,5,8,2,10,1,,484,60,FALSE,0.444,(1*impact+1*dashboard)/2,0,0,1,0.222,0,0,TRUE,Turtle,,,,,,6,,,,,35,9395,,110,707,31,[],Missing registry license.,ERROR,WARN,0 invalid IRIs. The Ontology IRI is not valid.,fp3,ERROR,Missing version IRI,ERROR,Missing domain (scope),ERROR,PASS,PASS,PASS,Missing usages,ERROR,Missing contact information,ERROR,PASS,Missing version IRI to check date,ERROR,PASS,PASS,7 errors,ERROR,7,0,1,1,2,,9,5,,1616,"OWL syntax (Turtle), but should be RDF/XML",34,2,,3,3,4,,1,,7,,,,,,,,,,,,,,,,,,,,,,,,,,,,,,,,,,,,,,,,,,,,,,owl2,SROIQ(D),FALSE,AL,0,Turtle,0,TRUE,276,https://bvco.ontology.link/BVCO_1c325086_be16_4556_9d2d_222cccf6a4b7,"['UseOfReservedVocabularyForAnnotationPropertyIRI 17'
 'UseOfUndeclaredClass 27' 'UseOfUndeclaredObjectProperty 2']",['prefix_unknown 839' 'rdfs 33' 'skos 98'],['dc 8' 'owl 5' 'prefix_unknown 2317' 'rdf 1' 'rdfs 4' 'skos 3' 'xsd 4']
9,10,10,TRUE,"['emmo_battinfo', 'EMMO_BATTINFOALT']",TRUE,06:12.5,https://raw.githubusercontent.com/ebrahimnorouzi/mseo.github.io/master/Ontology_files/battinfo.ttl,EMMO_BattINFO,7f84302007fd044c2711f0802b9d09c83d5dc125d99a58ccbf4930d0d80eabb3,https://big-map.github.io/BattINFO/ontology/BattINFO/0.5.0/battinfo.ttl,3181,,18,15,1,2,1015,,5,,69,8,16,,,22,30,,22,1500,54,8,9,6030,100,35,940,3,1,45,0,4186,130,60,5,8,1,9,1,,257,14,FALSE,0.504,(1*impact+1*dashboard)/2,0,0,1,0.252,0,0,TRUE,Turtle,,,,,,6,,,,,34,6498,,110,499,31,[],Missing registry license.,ERROR,WARN,0 invalid IRIs. The Ontology IRI is not valid.,fp3,ERROR,Version IRI does not resolve,ERROR,Missing domain (scope),ERROR,PASS,PASS,PASS,Missing usages,ERROR,Missing contact information,ERROR,PASS,Version IRI does not have date information,INFO,PASS,PASS,6 errors,ERROR,6,1,1,1,2,,9,5,,1185,"OWL syntax (Turtle), but should be RDF/XML",28,2,,3,3,4,,1,,7,,,,,,,,,,,,,,,,,,,,,,,,,,,,,,,,,,,,,,,,,,,,,,owl2,SRIQ(D),FALSE,AL,0,Turtle,0,FALSE,0,,['UseOfReservedVocabularyForAnnotationPropertyIRI 17'],['dc 2'],['dc 8' 'owl 4' 'prefix_unknown 2017' 'rdf 1' 'rdfs 4' 'skos 2' 'xsd 4']
10,11,11,TRUE,"['emmo_datamodel', 'EMMO_DATAMODELALT']",TRUE,05:22.0,https://raw.githubusercontent.com/ebrahimnorouzi/mseo.github.io/master/Ontology_files/datamodel.ttl,EMMO_Datamodel,865ce4ed931bdc5248b86b0e48cea0e2b9f208840942651d16e656c829a8f21a,http://emmo.info/datamodel/0.0.2/metamodel,94,1,1,1,,8,47,,,,,,1,,,10,10,,2,32,12,,,239,100,14,13,11,0,13,0,97,,2,,,,,,,7,1,FALSE,0.527,(1*impact+1*dashboard)/2,0,0,1,0.264,0,0,TRUE,RDF/XML Syntax,,,,,,6,,,,,7,226,,1,49,18,[],Missing registry license.,ERROR,PASS,0 invalid IRIs. The Ontology IRI is not valid.,fp3,ERROR,Version IRI does not resolve,ERROR,Missing domain (scope),ERROR,PASS,PASS,PASS,Missing usages,ERROR,Missing contact information,ERROR,PASS,Version IRI does not have date information,INFO,PASS,PASS,6 errors,ERROR,6,1,0,8,7,,1,1,,44,,1,2,,,11,,,,,,1,,,,,,,,,,,,,,,,,,,,,,,,,,,,,,,,,,,,,,,,,,,,,owl2,ALCRIQ(D),FALSE,AL,0,RDF/XML Syntax,0,FALSE,28,http://emmo.info/datamodel#Dimension,['UseOfReservedVocabularyForAnnotationPropertyIRI 2'],['dc 6' 'owl 4' 'prefix_unknown 78' 'rdfs 15' 'skos 18' 'xsd 7'],['dc 6' 'owl 3' 'prefix_unknown 37' 'rdf 1' 'rdfs 3' 'skos 2' 'xsd 4']
11,12,12,TRUE,"['emmo_atomistic', 'EMMO_ATOMISTICALT']",TRUE,05:29.2,https://raw.githubusercontent.com/emmo-repo/domain-atomistic/master/atomistic.ttl,EMMO_atomistic,e71cf7ad29c10dfd425d79bbc7eeec01ca4682e996f9b1c07d8f325f39fec674,http://emmo.info/0.0.1/domain-atomistic,1921,,18,15,1,2,609,,1,,68,8,16,,,23,30,,22,884,55,8,9,3745,100,35,533,3,1,46,0,2537,129,60,5,5,1,9,,,121,13,FALSE,0.504,(1*impact+1*dashboard)/2,0,0,1,0.252,0,0,TRUE,Turtle,,,,,,6,,,,,34,4165,,109,325,31,[],Missing ontology license. Missing registry license.,ERROR,WARN,0 invalid IRIs. The Ontology IRI is not valid.,fp3,ERROR,Version IRI does not resolve,ERROR,Missing domain (scope),ERROR,PASS,PASS,PASS,Missing usages,ERROR,Missing contact information,ERROR,PASS,Version IRI does not have date information,INFO,PASS,PASS,6 errors,ERROR,6,1,1,1,2,,9,5,,646,"OWL syntax (Turtle), but should be RDF/XML",28,2,,3,3,4,,1,,7,,,,,,,,,,,,,,,,,,,,,,,,,,,,,,,,,,,,,,,,,,,,,,owl2,SROIQ(D),FALSE,AL,0,Turtle,0,FALSE,19,http://emmo.info/emmo#EMMO_31ec09ba_1713_42cb_83c7_b38bf6f9ced2,['UseOfReservedVocabularyForAnnotationPropertyIRI 16'],['prefix_unknown 76' 'rdf 1' 'rdfs 1' 'skos 11'],['dc 6' 'owl 8' 'prefix_unknown 597' 'rdf 1' 'rdfs 4' 'skos 3' 'xsd 6']
12,13,13,TRUE,"['emmo_crystallography', 'EMMO_CRYSTALLOGRAPHYALT']",TRUE,05:15.1,https://raw.githubusercontent.com/emmo-repo/domain-crystallography/master/crystallography.ttl,EMMO_crystallography,ba194d6a152b2103d8ca4f6d2980961870b581a8d2a1d4bcf02ab46cb3805503,http://emmo.info/domain-crystallography/0.0.1/crystallography,9482,2,20,16,1,2,1896,,2,,68,8,17,,,22,30,,25,3325,55,8,10,15143,100,42,1806,9,1,47,0,9700,135,162,6,31,1,10,,,253,13,FALSE,0.549,(1*impact+1*dashboard)/2,0,0,1,0.275,0,0,TRUE,Turtle,,,,,,6,,,,,53,15530,,115,1396,42,[],Missing registry license.,ERROR,WARN,0 invalid IRIs. The Ontology IRI is not valid.,fp3,ERROR,Version IRI 'http://emmo.info/domain-crystallography/0.0.1/crystallography' is not in recommended format,WARN,Missing domain (scope),ERROR,PASS,PASS,PASS,Missing usages,ERROR,Missing contact information,ERROR,PASS,Version IRI does not have date information,INFO,PASS,PASS,5 errors,ERROR,5,1,2,6,7,,9,6,,4123,"OWL syntax (Turtle), but should be RDF/XML",116,2,,3,9,4,,1,,7,894,,,,,,,,,,,,,,,,,,,,,,,,,,,,,,,,,,,,,,,,,,,,,owl2,SROIQ(D),FALSE,AL,0,Turtle,0,TRUE,106,http://emmo.info/emmo#EMMO_2ff07b07_c447_490f_903a_f6a72a12d7bf,"['InsufficientOperands 2'
 'UseOfReservedVocabularyForAnnotationPropertyIRI 31']",['dc 2' 'owl 16' 'prefix_unknown 441' 'rdf 7' 'rdfs 19' 'skos 47'],['dc 6' 'owl 8' 'prefix_unknown 1884' 'rdf 1' 'rdfs 4' 'skos 3' 'xsd 7']
13,14,14,TRUE,"['emmo_mappings', 'EMMO_MAPPINGSALT']",TRUE,05:25.6,https://raw.githubusercontent.com/emmo-repo/domain-mappings/master/mappings.ttl,EMMO_mappings,c5292bb186b6d059c71a7705fb06d6976c63f435d13b44cfdf8ec6f128f29987,http://emmo.info/domain-mappings/0.0.1,1915,1,19,15,5,4,613,,1,,67,8,16,,2,24,32,,23,876,57,8,9,3754,100,36,528,5,5,48,0,2523,128,60,5,5,1,9,,,118,13,FALSE,0.504,(1*impact+1*dashboard)/2,0,0,1,0.252,0,0,TRUE,Turtle,,,,,,6,,,,,38,4170,,108,332,34,[],Missing registry license.,ERROR,WARN,0 invalid IRIs. The Ontology IRI is not valid.,fp3,ERROR,Version IRI does not resolve,ERROR,Missing domain (scope),ERROR,PASS,PASS,PASS,Missing usages,ERROR,Missing contact information,ERROR,PASS,Version IRI does not have date information,INFO,PASS,PASS,6 errors,ERROR,6,1,1,3,4,,9,5,,645,"OWL syntax (Turtle), but should be RDF/XML",28,2,,3,4,4,,1,,7,,,,,,,,,,,,,,,,,,,,,,,,,,,,,,,,,,,,,,,,,,,,,,owl2,SROIQ(D),FALSE,AL,0,Turtle,4,FALSE,27,http://emmo.info/domain-mappings#KnowledgeModel,['UseOfReservedVocabularyForAnnotationPropertyIRI 16'],['owl 4' 'prefix_unknown 81' 'rdfs 8' 'skos 10' 'xsd 3'],['dc 6' 'owl 8' 'prefix_unknown 601' 'rdf 1' 'rdfs 4' 'skos 3' 'xsd 6']
14,15,15,TRUE,"['emmo_mechanical_testing', 'EMMO_MECHANICAL_TESTINGALT']",TRUE,02:12.9,https://raw.githubusercontent.com/ebrahimnorouzi/mseo.github.io/master/Ontology_files/emmo-mechanical-testing.owl,EMMO_mechanical_testing,3e3df20aa79b0940c0624e530d66ac6417009ff174ec60b158f956939a1e832d,http://emmo.info/emmo/domain/mechanical-testing/1.0.0,2538,,30,20,1,4,964,,2,,79,,20,,,29,32,,37,1357,63,14,16,5257,100,52,851,7,2,61,0,3809,157,58,5,42,2,24,2,,208,13,FALSE,0.527,(1*impact+1*dashboard)/2,0,0,1,0.264,0,0,TRUE,RDF/XML Syntax,,,,,,6,,,,,29,5655,,136,666,44,[],Missing registry license.,ERROR,PASS,0 invalid IRIs. The Ontology IRI is not valid.,fp3,ERROR,Version IRI does not resolve,ERROR,Missing domain (scope),ERROR,PASS,PASS,PASS,Missing usages,ERROR,Missing contact information,ERROR,PASS,Version IRI does not have date information,INFO,PASS,PASS,6 errors,ERROR,6,1,0,5,4,,4,8,,987,,27,3,,3,5,10,,,,,,,,,,,,,,,,,,,,,,,,,,,,,,,,,,,,,,,,,,,,,,,,,,,SROIQ(D),FALSE,AL,0,RDF/XML Syntax,3,TRUE,725,http://emmo.info/emmo/domain/mechanical-testing#EMMO_926d14c7_4f78_4c37_99b4_dfb0a531db64,"['LexicalNotInLexicalSpace 20'
 'UseOfReservedVocabularyForAnnotationPropertyIRI 10']",['owl 4' 'prefix_unknown 1981' 'rdf 31' 'rdfs 288' 'skos 354' 'xsd 13'],['dc 6' 'owl 7' 'prefix_unknown 953' 'rdf 1' 'rdfs 4' 'skos 3' 'xsd 7']
15,16,16,TRUE,"['emmo_microstructure', 'EMMO_MICROSTRUCTUREALT']",TRUE,02:15.9,https://raw.githubusercontent.com/ebrahimnorouzi/mseo.github.io/master/Ontology_files/emmo-microstructure.owl,EMMO_microstructure,d30a217f470ca02d13507c4e435ce7ae1f65aab1d72ba16f80a34a76be2d09f9,,622,,17,16,,2,274,,,,29,,16,,,22,30,,21,275,46,7,8,1406,100,34,219,3,1,47,0,894,8,18,5,5,1,5,,,64,12,FALSE,0.467,(1*impact+1*dashboard)/2,0,0,1,0.234,0,0,TRUE,RDF/XML Syntax,,,,,,6,,,,,23,1474,,8,217,10,[],Missing ontology license. Missing registry license.,ERROR,PASS,0 invalid IRIs. The Ontology IRI is not valid.,fp3,ERROR,Missing version IRI,ERROR,Missing domain (scope),ERROR,PASS,PASS,PASS,Missing usages,ERROR,Missing contact information,ERROR,PASS,Missing version IRI to check date,ERROR,PASS,PASS,7 errors,ERROR,7,0,0,1,1,,4,5,,240,,10,,,3,3,3,,,,,,,,,,,,,,,,,,,,,,,,,,,,,,,,,,,,,,,,,,,,,,,,,,owl2,SROIQ(D),FALSE,AL,0,RDF/XML Syntax,0,FALSE,80,http://www.semanticweb.org/jesperf/ontologies/2019/11/untitled-ontology-9#EMMO_c790454f_fe29_4f79_98c5_a368cb890817,"['UseOfReservedVocabularyForAnnotationPropertyIRI 14'
 'UseOfUndeclaredAnnotationProperty 2' 'UseOfUndeclaredClass 36'
 'UseOfUndeclaredObjectProperty 29']",['owl 5' 'prefix_unknown 234' 'rdfs 53'],['dc 6' 'owl 6' 'prefix_unknown 285' 'rdf 1' 'rdfs 4' 'skos 3' 'xsd 6']
16,18,18,TRUE,"['gpo', 'GPOALT']",TRUE,05:08.5,https://raw.githubusercontent.com/General-Process-Ontology/ontology/master/GPO_inferred.ttl,GPO,566b85a92ea6429fe8edef1ff62dd39e1c85617ef22deaa337a32049901fd66b,,2532,,,7,3,4,1077,,3,,98,11,14,,,52,59,,,2207,115,11,6,6249,100,29,963,5,1,86,0,5450,494,46,5,5,1,16,,,336,35,FALSE,0.444,(1*impact+1*dashboard)/2,0,0,1,0.222,0,0,TRUE,Turtle,,,,,,6,,,,,29,7964,,120,305,387,[],Missing registry license.,ERROR,WARN,0 invalid IRIs. The Ontology IRI is not valid.,fp3,ERROR,Missing version IRI,ERROR,Missing domain (scope),ERROR,PASS,PASS,PASS,Missing usages,ERROR,Missing contact information,ERROR,PASS,Missing version IRI to check date,ERROR,PASS,PASS,7 errors,ERROR,7,0,1,3,1,,,5,,1158,"OWL syntax (Turtle), but should be RDF/XML",36,4,,3,3,4,,1,,,,,,,,,,,,,,,,,,,,,,,,,,,,,,,,,,,,,,,,,,,,,,,,owl2,SROIQ(D),FALSE,D,0,Turtle,6,TRUE,2640,http://emmo.info/emmo/domain/periodic-table#EMMO_36a32a8c-8307-5b09-adcb-bbaeb9e36b49,['UseOfReservedVocabularyForAnnotationPropertyIRI 17'],"['dc 6' 'owl 29' 'prefix_unknown 7964' 'rdf 120' 'rdfs 305' 'skos 1158'
 'xsd 387']",['dc 6' 'owl 6' 'prefix_unknown 1066' 'rdf 1' 'rdfs 4' 'skos 2' 'xsd 7']
17,20,20,TRUE,"['LPBFO', 'LPBFOALT']",TRUE,05:02.3,https://raw.githubusercontent.com/ebrahimnorouzi/mseo.github.io/master/Ontology_files/LPBFO.owl,LPBFO,0d015a2265fe2a45682032a77b6c72708d6e73223e312f5a123e5b87adf7c9d4,https://gitlab.cc-asp.fraunhofer.de/EMI_datamanagement/LPBFO/-/raw/master/LPBFO.owl,1579,,,,,2,572,,22,,1,1,,,,8,14,,2,508,27,,,2757,100,29,509,12,0,28,0,1680,,,,,,,,,,,TRUE,0.438,(1*impact+1*dashboard)/2,0,0,1,0.219,0,0,TRUE,RDF/XML Syntax,272,428,,,,1,2,2,,,12,1634,,,1214,10,[],Missing ontology license. Missing registry license.,ERROR,PASS,0 invalid IRIs. The Ontology IRI is not valid.,fp3,ERROR,Version IRI 'https://gitlab.cc-asp.fraunhofer.de/EMI_datamanagement/LPBFO/-/raw/master/LPBFO.owl' is not in recommended format,WARN,Missing domain (scope),ERROR,PASS,PASS,ERROR,Missing tracker and usages,ERROR,Missing contact information,ERROR,PASS,Version IRI does not have date information,INFO,ERROR,PASS,7 errors,ERROR,7,1,1,10,11,Missing tracker and usages,,,,,,,,,,,,,,,,,Missing homepage,,,,,,,,,,,,,,,,,,,,,,,,,,,,,,,,,,,,,,,,,,,,owl2_dl,ALCHI(D),FALSE,AL,0,RDF/XML Syntax,0,TRUE,151,https://www.materials.fraunhofer.de/ontologies/BWMD_ontology/mid#BWMD_00008,[],['BFO 24' 'IAO 2' 'prefix_unknown 444' 'rdfs 344'],"['BFO 37' 'IAO 13' 'dc 1' 'dc11 2' 'foaf 2' 'owl 4' 'prefix_unknown 515'
 'rdf 1' 'rdfs 4' 'xsd 7']"
18,21,21,TRUE,"['mambo', 'MAMBOALT']",TRUE,05:48.5,https://raw.githubusercontent.com/daimoners/MAMBO/master/mambo_core.owl,MAMBO,452059875cfdcd0c43dd914f268c162bbe95bddd38dc24f3cfafbb411d355afc,,,,,,21,32,111,,17,,,4,,,18,22,24,,,15,7,,3,366,100,0,31,38,21,23,0,219,,,,,,1,,,1,14,TRUE,0.467,(1*impact+1*dashboard)/2,0,0,1,0.234,0,0,TRUE,RDF/XML Syntax,,,,,,,,,,,25,611,,7,,67,[],Missing ontology license. Missing registry license.,ERROR,PASS,0 invalid IRIs. The Ontology IRI is not valid.,fp3,ERROR,Missing version IRI,ERROR,Missing domain (scope),ERROR,PASS,PASS,PASS,Missing usages,ERROR,Missing contact information,ERROR,PASS,Missing version IRI to check date,ERROR,PASS,PASS,7 errors,ERROR,7,0,0,26,18,,,,,,,,4,,,4,,44,,,,,,,,,,,,,,,,,,,,,,,,,,,,,,,,,,,,,,,,,,,,,,,,,owl2_dl,SHIQ(D),FALSE,D,0,RDF/XML Syntax,25,FALSE,255,file:/home/fabio/Projects/MAMBO/mambo.owl#MolecularSystem,[],['owl 25' 'prefix_unknown 611' 'rdf 7' 'xsd 67'],['owl 2' 'prefix_unknown 111' 'rdf 1' 'xsd 6']
19,22,22,TRUE,"['mdo', 'MDOALT']",TRUE,05:57.6,https://raw.githubusercontent.com/LiUSemWeb/Materials-Design-Ontology/master/mdo-full.owl,MDO,f5de875133bebabbaa2020fe56887b91b9ff0b5651f1ecd09e699b5bb8e427d3,https://w3id.org/mdo/full/1.1/,177,,,,2,30,113,,1,,,,,,,26,29,,,49,,,,458,100,12,37,32,2,32,0,219,,19,,15,,19,,,11,5,TRUE,0.571,(1*impact+1*dashboard)/2,0,0,1,0.285,0,0,TRUE,RDF/XML Syntax,,,,,,5,,,,,,437,13,1,177,47,[],Missing registry license.,ERROR,PASS,0 invalid IRIs. The Ontology IRI is not valid.,fp3,ERROR,Version IRI 'https://w3id.org/mdo/full/1.1/' is not in recommended format,WARN,Missing domain (scope),ERROR,PASS,PASS,PASS,Missing usages,ERROR,Missing contact information,ERROR,PASS,Version IRI does not have date information,INFO,PASS,PASS,5 errors,ERROR,5,1,1,31,,,,,,,,,,,,14,,,,,,2,,,,,,,,,,,,,,,,,,,,,,,,,,,,,,,,,,,,,,,,,,,,,owl2_dl,ALCQ(D),FALSE,AL,0,RDF/XML Syntax,0,FALSE,0,,[],['dc 5' 'prefix_unknown 2'],['dc 5' 'owl 1' 'prefix_unknown 101' 'prov 4' 'rdf 2' 'rdfs 3' 'xsd 7']
20,23,23,TRUE,"['MOL_BRINELL', 'MOL_BRINELLALT']",TRUE,06:19.1,https://raw.githubusercontent.com/ebrahimnorouzi/mseo.github.io/master/Ontology_files/MOL_BRINELL.ttl,MOL_BRINELL,0538943a21c284c133ecf7452b7a547d9b351e3464dd00ed3140650f77b7336b,,191,,,,3053,,3340,,,,,,,,8133,,,,,14,,,,16349,100,4,37,4,3277,17,0,3118,,,,,,,,,,,FALSE,0.378,(1*impact+1*dashboard)/2,0,0,1,0.189,0,0,TRUE,Turtle,,,,287,,,,,,,,36821,,,192,1618,[],Missing ontology license. Missing registry license.,ERROR,WARN,0 invalid IRIs. The Ontology IRI is not valid.,fp3,ERROR,Missing version IRI,ERROR,Missing domain (scope),ERROR,PASS,PASS,PASS,Missing tracker and usages,ERROR,Missing contact information,ERROR,PASS,Missing version IRI to check date,ERROR,ERROR,PASS,8 errors,ERROR,8,0,1,,,Missing tracker and usages,,,,,"OWL syntax (Turtle), but should be RDF/XML",,,,,,,1618,,,,,,,,,,,,,,,,,,,,,,,,,,,,,,,,,,,,,,,,,,,,,,,,,,,,,,,,,,,,,
21,24,24,TRUE,"['MOL_TENSILE', 'MOL_TENSILEALT']",TRUE,04:58.6,https://raw.githubusercontent.com/ebrahimnorouzi/mseo.github.io/master/Ontology_files/MOL_TENSILE.owl,MOL_TENSILE,75270bf4e235acf81cb73ad9b9e9eaed49b3aa1901d0e286122814bb8fdd2f85,https://gitlab.cc-asp.fraunhofer.de/hart/matolab_mechanik/-/raw/master/mol_tt.owl,1354,,,,20,2,532,,21,,,1,,,,9,14,,2,386,83,,,2468,100,29,387,17,20,84,0,1331,,,,,,,,,,,TRUE,0.416,(1*impact+1*dashboard)/2,0,0,1,0.208,0,0,TRUE,Turtle,253,426,,,,1,2,2,,,23,1553,,,987,27,[],Missing ontology license. Missing registry license.,ERROR,WARN,0 invalid IRIs. The Ontology IRI is not valid.,fp3,ERROR,Version IRI 'https://gitlab.cc-asp.fraunhofer.de/hart/matolab_mechanik/-/raw/master/mol_tt.owl' is not in recommended format,WARN,Missing domain (scope),ERROR,PASS,PASS,ERROR,Missing tracker and usages,ERROR,Missing contact information,ERROR,PASS,Version IRI does not have date information,INFO,ERROR,PASS,7 errors,ERROR,7,1,2,14,16,Missing tracker and usages,1,,,,"OWL syntax (Turtle), but should be RDF/XML",,,,,,,13,,,,,Missing homepage,,,,,,,,,,,,,,,,,,,,,,,,,,,,,,,,,,,,,,,,,,,,,,,,,,,,,,,,
22,25,25,TRUE,"['mseo', 'MSEOALT']",TRUE,04:43.7,https://raw.githubusercontent.com/Mat-O-Lab/MSEO/main/MSEO_mid.ttl,MSEO,f143875df123c11c9957f2d20a8eb7cd79a5a42609bf74dcd29c6e2dbe97993e,,1708,,,,2,1,370,,10,,29,43,,,,113,114,,30,299,81,,13,2826,100,56,204,2,2,116,0,1286,,44,34,,,116,,,145,59,FALSE,0.444,(1*impact+1*dashboard)/2,0,0,1,0.222,0,0,TRUE,Turtle,959,16,,,,23,100,,,,10,1866,,,424,,[],Missing ontology license. Missing registry license.,ERROR,WARN,0 invalid IRIs. The Ontology IRI is not valid.,fp3,ERROR,Missing version IRI,ERROR,Missing domain (scope),ERROR,PASS,PASS,PASS,Missing usages,ERROR,Missing contact information,ERROR,PASS,Missing version IRI to check date,ERROR,PASS,PASS,7 errors,ERROR,7,0,1,,1,,9,2,1,509,"OWL syntax (Turtle), but should be RDF/XML",,,,,,,,,,,,,,,,,2,,,,,,,,,,,,,,,,,,,,,,,,,,,,,,,,,,,,,,,owl2,SROIN(D),FALSE,AL,0,Turtle,6,TRUE,233,http://www.ontologyrepository.com/CommonCoreOntologies/MeasurementArtifactFunction,['UseOfUndeclaredAnnotationProperty 7'],['BFO 27' 'IAO 21' 'RO 2' 'owl 35' 'prefix_unknown 720' 'rdfs 251' 'xsd 7'],"['BFO 43' 'IAO 14' 'RO 28' 'dc 5' 'dc11 3' 'foaf 2' 'oboInOwl 2' 'owl 6'
 'prefix_unknown 2373' 'rdf 1' 'rdfs 5' 'skos 2' 'xsd 8']"
23,26,26,TRUE,"['matonto', 'MATONTOALT']",TRUE,05:32.6,https://raw.githubusercontent.com/inovexcorp/MatOnto-Ontologies/master/matonto-release.ttl,MatOnto,d91cb6aa57c37be0f552e6b327b26e8a638ab9a87d147eeadff5cdb4293f5fe5,,1841,,,,125,,1074,,163,,282,30,,,195,68,73,17,,1190,74,16,15,5235,100,17,848,13,131,83,0,5142,144,96,,20,,394,10,,489,66,FALSE,0.444,(1*impact+1*dashboard)/2,0,0,1,0.222,0,0,TRUE,Turtle,,,,,,,7,,,,5,7332,,19,1771,193,[],Missing ontology license. Missing registry license.,ERROR,WARN,0 invalid IRIs. The Ontology IRI is not valid.,fp3,ERROR,Missing version IRI,ERROR,Missing domain (scope),ERROR,PASS,PASS,PASS,Missing usages,ERROR,Missing contact information,ERROR,PASS,Missing version IRI to check date,ERROR,PASS,PASS,7 errors,ERROR,7,0,1,10,3,,2,,,23,"OWL syntax (Turtle), but should be RDF/XML",1,3,,,,4,53,,,,,,,,,,,,,,,,,,,,,,,,,,,,,,,,,,,,,,,,,,,,,,,,,owl2,SHOIQ(D),FALSE,D,0,Turtle,4,TRUE,2320,http://ontology.dumontierlab.com/Reactant,['UseOfUndeclaredAnnotationProperty 154'],"['dc11 7' 'owl 5' 'prefix_unknown 7332' 'rdf 19' 'rdfs 1771' 'skos 23'
 'xsd 193']",['dc11 10' 'owl 3' 'prefix_unknown 1075' 'rdf 1' 'rdfs 3' 'skos 1' 'xsd 2']
24,28,28,TRUE,"['npo', 'NPOALT']",TRUE,05:38.9,https://raw.githubusercontent.com/sobolevnrm/npo/master/npo-asserted.owl,NPO,f10c4a23773c793696737aabf33aa51d3de0916199852b6b79b2d339c25e1a1c,,11343,,7,,,,2014,,12277,,395,2,,,,16,19,,,2781,64,,4,28924,100,24,1906,22,0,65,0,33527,111,125,,1,,470,,,1478,88,FALSE,0.467,(1*impact+1*dashboard)/2,0,0,1,0.234,0,0,TRUE,RDF/XML Syntax,,,,,,,10,,,,2,44743,,,2110,112,[],Missing ontology license. Missing registry license.,ERROR,PASS,0 invalid IRIs. The Ontology IRI is not valid.,fp3,ERROR,Missing version IRI,ERROR,Missing domain (scope),ERROR,PASS,PASS,PASS,Missing usages,ERROR,Missing contact information,ERROR,PASS,Missing version IRI to check date,ERROR,PASS,PASS,7 errors,ERROR,7,0,0,1,,,,,,,,,1,,,,,,,,,,,,,,,,,,,,,,,,,,,,,,,,,,,,,,,,,,,,,,,,,,,,,,owl2,SHIN(D),FALSE,D,0,RDF/XML Syntax,0,TRUE,15560,http://purl.org/obo/owl/CHEBI#CHEBI_27601,['IllegalPunning 9243'],['dc11 10' 'owl 2' 'prefix_unknown 44743' 'rdfs 2110' 'xsd 112'],['dc11 6' 'owl 2' 'prefix_unknown 2007' 'rdf 2' 'rdfs 2' 'xsd 2']
25,29,29,TRUE,"['nanomine', 'NANOMINEALT']",TRUE,06:00.7,https://raw.githubusercontent.com/ebrahimnorouzi/mseo.github.io/master/Ontology_files/nanomine.ttl,NanoMine,5dffba2a1bd841d6af2bba1809e9b1a06f3c55155754624be2d363c77bacecbb,,9424,,,2,48,36,2165,,82,,53,86,3,,,63,62,,,2266,237,35,28,14693,100,42,1815,56,34,268,0,6941,3,41,7,27,54,92,28,,419,67,FALSE,0.444,(1*impact+1*dashboard)/2,0,0,1,0.222,0,0,TRUE,Turtle,,,,,,1788,2882,36,,,27,9179,23,12,4144,16,[],Missing ontology license. Missing registry license.,ERROR,WARN,0 invalid IRIs. The Ontology IRI is not valid.,fp3,ERROR,Missing version IRI,ERROR,Missing domain (scope),ERROR,PASS,PASS,PASS,Missing usages,ERROR,Missing contact information,ERROR,PASS,Missing version IRI to check date,ERROR,PASS,PASS,7 errors,ERROR,7,0,1,36,26,,16,8,1,359,"OWL syntax (Turtle), but should be RDF/XML",,1,,2,,17,2,3,10,,2,,,,,,,8,,,,,,,,,,,,,,,,,,,,,,,,,,,,,,,,,,,,,,owl2,SROIQ(D),FALSE,AL,0,Turtle,0,FALSE,229,http://nanomine.tw.rpi.edu/ns/ThermalProperty,"['IllegalPunning 2' 'UseOfReservedVocabularyForClassIRI 10'
 'UseOfUndeclaredAnnotationProperty 3110' 'UseOfUndeclaredClass 65'
 'UseOfUndeclaredObjectProperty 63']",['prefix_unknown 762' 'prov 23' 'rdfs 179' 'skos 133'],"['dc 28' 'dc11 6' 'foaf 12' 'owl 4' 'prefix_unknown 2150' 'prov 1' 'rdf 4'
 'rdfs 6' 'schema 1' 'skos 9' 'xsd 8']"
26,32,32,TRUE,"['oeo', 'OEOALT']",TRUE,06:53.1,http://openenergy-platform.org/ontology/oeo/releases/oeo.owl,OEO,1f8ca5c0a964b5e7ed2fa64c22d0023c09d15a88adbfcd7a04cc7e564a24b0ba,http://openenergy-platform.org/ontology/oeo/releases/1.14.0/oeo.omn,9238,1,1,1,248,1,1869,7,47,1,138,17,1,1,320,73,72,7,20,2395,99,1,2,14560,100,100,1430,1,218,118,0,7180,4,16,18,2,79,187,2,3,1116,64,TRUE,0.571,(1*impact+1*dashboard)/2,0,0,1,0.285,0,0,TRUE,RDF/XML Syntax,794,4832,6,530,1224,5,22,1,26,2366,25,8683,278,125,2006,6,[],Missing registry license.,ERROR,PASS,0 invalid IRIs. The Ontology IRI is not valid.,fp3,ERROR,Version IRI 'http://openenergy-platform.org/ontology/oeo/releases/1.14.0/oeo.omn' is not in recommended format,WARN,Missing domain (scope),ERROR,PASS,PASS,PASS,Missing usages,ERROR,Missing contact information,ERROR,PASS,Version IRI does not have date information,INFO,PASS,PASS,5 errors,ERROR,5,1,1,,,,,,,,,,,,,,,,,,,,,,,,,,,,,,,,,,,,,,,,,,,,,,,,,,,,,,,,,,,,,,,,owl2,SROIQ(D),FALSE,AL,0,RDF/XML Syntax,0,FALSE,0,,"['UseOfNonSimplePropertyInCardinalityRestriction 1'
 'UseOfUndeclaredAnnotationProperty 2']",['BFO 19' 'IAO 5' 'RO 13' 'dc 2' 'dc11 2' 'rdf 1' 'rdfs 3'],"['BFO 42' 'IAO 90' 'OMO 3' 'RO 42' 'UO 378' 'dc 3' 'dc11 17' 'foaf 2'
 'obo 13' 'oboInOwl 18' 'owl 3' 'prefix_unknown 1242' 'rdf 1' 'rdfs 4'
 'xsd 5']"
27,37,37,TRUE,"['pmdco', 'PMDCOALT']",TRUE,02:01.2,https://raw.githubusercontent.com/materialdigital/core-ontology/main/pmdco_core.ttl,PMDCO,979a53c342f275af50b492c6b7a12a3c4dddcc5f551eba2a45f0a08f7345041e,https://w3id.org/pmd/co,2226,,2,,2,7,413,,13,,42,49,,,3,61,53,,10,288,51,,,3247,100,37,290,12,9,109,0,1142,,,,,,15,,,47,12,FALSE,0.549,(1*impact+1*dashboard)/2,0,0,1,0.275,0,0,TRUE,Turtle,,,,,,7,3,,,,12,1233,1004,10,1228,7,[],Missing registry license.,ERROR,WARN,0 invalid IRIs. The Ontology IRI is not valid.,fp3,ERROR,Version IRI 'https://w3id.org/pmd/co' is not in recommended format,WARN,Missing domain (scope),ERROR,PASS,PASS,PASS,Missing usages,ERROR,Missing contact information,ERROR,PASS,Version IRI does not have date information,INFO,PASS,PASS,5 errors,ERROR,5,1,2,6,5,,1,,13,482,"OWL syntax (Turtle), but should be RDF/XML",,,2,,,2,,,,,1,,,,,,3,,,,,,,,,,,,,,,,,,,,,,,,,,,,,,,,,,,,,,,owl2,ALCRIN(D),FALSE,AL,0,Turtle,9,TRUE,388,http://www.w3.org/ns/prov#Organization,['IllegalPunning 13' 'UseOfUndeclaredObjectProperty 38'],"['CHEBI 3' 'dc 7' 'dc11 3' 'owl 8' 'prefix_unknown 1227' 'prov 109'
 'rdf 2' 'rdfs 874' 'skos 482' 'xsd 4']","['CHEBI 1' 'dc 5' 'dc11 3' 'owl 4' 'prefix_unknown 301' 'prov 135' 'rdf 1'
 'rdfs 5' 'skos 4' 'xsd 3']"
28,41,41,TRUE,"['saref', 'SAREFALT']",TRUE,06:28.5,https://labs.etsi.org/rep/saref/saref-core/-/raw/develop-v3.1.1/ontology/saref.ttl,SAREF,4ec9aba7c21b084f627016bc609149cedf231899202f03377539cac2e4b676a3,https://saref.etsi.org/core/v3.1.1/,264,,,,10,,141,,4,,,7,,,,28,30,,,147,,,,631,100,15,81,5,10,35,0,447,,40,,2,,,7,,26,2,TRUE,0.482,(1*impact+1*dashboard)/2,0,0,1,0.241,0,0,TRUE,Turtle,,,,,,8,,,,,1,660,,,266,1,[],Missing registry license.,ERROR,WARN,0 invalid IRIs. The Ontology IRI is not valid.,fp3,ERROR,Version IRI 'https://saref.etsi.org/core/v3.1.1/' is not in recommended format,WARN,Missing domain (scope),ERROR,PASS,PASS,PASS,Missing tracker and usages,ERROR,Missing contact information,ERROR,PASS,Version IRI does not have date information,INFO,ERROR,PASS,6 errors,ERROR,6,1,2,,,Missing tracker and usages,,,,,"OWL syntax (Turtle), but should be RDF/XML",,,,1,1,,,,,,,,,,,,,,,,,,,,,,,,,,,,,,,,,2,,,,,,,,,,,,,,,,,,owl2_dl,ALCIQ(D),FALSE,AL,0,Turtle,0,TRUE,226,https://saref.etsi.org/core/OpenCloseState,[],['dc 8' 'owl 1' 'prefix_unknown 660' 'rdfs 266' 'xsd 1'],['dc 8' 'owl 2' 'prefix_unknown 133' 'rdf 1' 'rdfs 4' 'xsd 2']
29,42,42,TRUE,"['semmd', 'SEMMDALT']",TRUE,05:35.8,https://raw.githubusercontent.com/cpauloh/semmd/master/onto/v07_matl_prop_merged.ttl,SEMMD,2b97559ada331a34c2d94c3654502a25ece8550754b5bbc7c71e3a83b9d71a7c,http://www.linkedmodel.org/explore/1.2/schema/vaem,5238,1,13,,1815,4,848,2,22,,22,33,1,,2051,21,23,,4,955,48,2,5,14827,100,90,689,42,1254,108,0,4302,19,38,1,3,121,10,4,7,75,,FALSE,0.504,(1*impact+1*dashboard)/2,0,0,1,0.252,0,0,TRUE,Turtle,344,2884,,153,10,30,183,4,2,37,85,19365,,2423,2286,1256,[],Missing ontology license. Missing registry license.,ERROR,WARN,0 invalid IRIs. The Ontology IRI is not valid.,fp3,ERROR,Version IRI does not resolve,ERROR,Missing domain (scope),ERROR,PASS,PASS,PASS,Missing usages,ERROR,Missing contact information,ERROR,PASS,Version IRI does not have date information,INFO,PASS,PASS,6 errors,ERROR,6,1,1,35,11,,9,1,2,546,"OWL syntax (Turtle), but should be RDF/XML",,8,,3,9,,3617,,,36,6,,1,,57,6,,,,,,,,,,,,,,,,,,,,,,17,3,,,,,,,,,,,,,,,,,owl2,SROIN(D),FALSE,D,0,Turtle,14,TRUE,8723,http://purl.obolibrary.org/obo/IAO_0000629,"['DatatypeIRIAlsoUsedAsClassIRI 197' 'IllegalPunning 13'
 'UseOfReservedVocabularyForAnnotationPropertyIRI 5'
 'UseOfReservedVocabularyForClassIRI 19'
 'UseOfUndeclaredAnnotationProperty 607' 'UseOfUndeclaredClass 101'
 'UseOfUndeclaredDataProperty 4' 'UseOfUndeclaredDatatype 4'
 'UseOfUndeclaredObjectProperty 1']","['BFO 344' 'GAZ 3' 'IAO 2884' 'OBI 57' 'PATO 6' 'RO 153' 'UO 10' 'dc 30'
 'dc11 183' 'foaf 4' 'obo 2' 'oboInOwl 37' 'owl 85' 'prefix_unknown 19365'
 'rdf 2423' 'rdfs 2286' 'skos 546' 'xsd 1256']","['BFO 44' 'GAZ 1' 'IAO 237' 'OBI 8' 'PATO 2' 'RO 26' 'UO 3' 'dc 6'
 'dc11 25' 'foaf 2' 'obo 2' 'oboInOwl 8' 'owl 6' 'prefix_unknown 1803'
 'rdf 1' 'rdfs 6' 'skos 4' 'xsd 16']"
30,45,45,TRUE,"['sp', 'SPALT']",TRUE,02:24.9,http://vocab.linkeddata.es/SMARTProtocols/myDocumentation_SPdoc_18Abril2017/SmartProtocols_doc_V4.0.owl,SP,5ce7fd2e5caf483fbf0cd5d1f71d9d955ad6f6f8761df407aa98cdd4c5c058dc,,1781,,,,45,,494,,74,,1,2,,,62,33,25,,,475,4,,3,2999,100,18,399,0,45,43,0,1607,,5,,,,,,,72,1,FALSE,0.467,(1*impact+1*dashboard)/2,0,0,1,0.234,0,0,TRUE,RDF/XML Syntax,4,1068,,2,,8,,,22,,,1477,,,780,,[],Missing registry license.,ERROR,PASS,0 invalid IRIs. The Ontology IRI is not valid.,fp3,ERROR,Missing version IRI,ERROR,Missing domain (scope),ERROR,PASS,PASS,PASS,Missing usages,ERROR,Missing contact information,ERROR,PASS,Missing version IRI to check date,ERROR,PASS,PASS,7 errors,ERROR,7,0,0,,,,,,,,,,,,,,,,,,,,,,,60,,241,,,,,27,,,,10,,,,12,,,,,,,,,,9,13,83,14,34,,,,,,,,,,,,owl2,SHI,FALSE,H,0,RDF/XML Syntax,0,TRUE,724,http://purl.org/net/SMARTprotocol#MethodsSection,['UseOfUndeclaredAnnotationProperty 8'],"['BCGO 9' 'BFO 4' 'BTO 13' 'CHEBI 241' 'CL 27' 'CLO 83' 'ERO 14'
 'IAO 1068' 'NCBITaxon 10' 'OBI 60' 'PO 34' 'RO 2' 'UBERON 12' 'dc 8'
 'obo 22' 'prefix_unknown 1477' 'rdfs 780']","['BCGO 1' 'BFO 1' 'BTO 5' 'CHEBI 70' 'CL 7' 'CLO 28' 'ERO 4' 'IAO 13'
 'NCBITaxon 3' 'OBI 16' 'PO 12' 'RO 1' 'UBERON 6' 'dc 7' 'obo 4' 'owl 1'
 'prefix_unknown 323' 'rdf 1' 'rdfs 4' 'xsd 1']"
31,46,46,TRUE,"['ssn', 'SSNALT']",TRUE,02:21.9,https://raw.githubusercontent.com/w3c/sdw/gh-pages/ssn/integrated/sosa.ttl,SSN,c70b0d1c843c0047e4c98e0a89392e46a05752ff6365bda7f7f55303905a0392,,248,,,,2,,53,,,,,9,,,,,,,,,,,,313,100,17,16,2,1,21,0,18,,,,,,,,,,,TRUE,0.378,(1*impact+1*dashboard)/2,0,0,1,0.189,0,0,TRUE,Turtle,,,,,,6,,4,,,,61,,,111,1,[],Missing registry license.,ERROR,WARN,0 invalid IRIs. The Ontology IRI is not valid.,fp3,ERROR,Missing version IRI,ERROR,Missing domain (scope),ERROR,PASS,PASS,PASS,Missing tracker and usages,ERROR,Missing contact information,ERROR,PASS,Missing version IRI to check date,ERROR,ERROR,PASS,8 errors,ERROR,8,0,1,1,,Missing tracker and usages,,,,69,"OWL syntax (Turtle), but should be RDF/XML",,,,,,,,,,,,,,,,,,72,,,,,,,,,,,,,,,,,,,,,,,,,,,,,,,,,,,,,,owl2_rl,ALI(D),FALSE,AL,0,Turtle,0,FALSE,12,,[],"['dc 6' 'foaf 4' 'prefix_unknown 61' 'rdfs 111' 'schema 72' 'skos 69'
 'xsd 1']","['dc 6' 'foaf 2' 'prefix_unknown 41' 'rdf 1' 'rdfs 3' 'schema 2' 'skos 3'
 'xsd 1']"
32,49,49,TRUE,"['bmo', 'BMOALT']",TRUE,06:22.2,https://raw.githubusercontent.com/ebrahimnorouzi/mseo.github.io/master/Ontology_files/bmo.ttl,bmo,7a078e0d8dac52660796c59ee5694c00fb5b9760a0d9adbf3f64560e95231c7c,,612,,,,20,30,419,,51,1,14,39,,,,148,150,,,141,87,1,,1749,100,29,177,31,20,177,0,967,,,,,,,,,,14,FALSE,0.378,(1*impact+1*dashboard)/2,0,0,1,0.189,0,0,TRUE,Turtle,93,2,,,,9,10,2,,,10,1730,6,,399,23,[],Missing registry license.,ERROR,WARN,0 invalid IRIs. The Ontology IRI is not valid.,fp3,ERROR,Missing version IRI,ERROR,Missing domain (scope),ERROR,PASS,PASS,PASS,Missing tracker and usages,ERROR,Missing contact information,ERROR,PASS,Missing version IRI to check date,ERROR,ERROR,PASS,8 errors,ERROR,8,0,1,27,5,Missing tracker and usages,,,,221,"OWL syntax (Turtle), but should be RDF/XML",,,,,,,,,,2,,,,,,,,,,,,,,,,,,,,,,,,,,,,,,,,,,,2,,,,,,,,,,,,,,,,,,,,,,,
33,50,50,TRUE,"['enanomapper', 'ENANOMAPPERALT']",TRUE,05:45.6,https://raw.githubusercontent.com/enanomapper/ontologies/master/enanomapper.owl,enanomapper,59731276af711562634de8a2abdaf082013ee449f12fd8b19b159af7703d5bc8,http://enanomapper.github.io/ontologies/releases/9.0/enanomapper.owl,124680,,134,,9,,22818,2,21,,292,,,,,,,,228,24611,43,,1,172860,100,737,21321,1,680,54,0,70987,,1,,,,20,,271,46,6,FALSE,0.571,(1*impact+1*dashboard)/2,0,0,1,0.285,0,0,TRUE,RDF/XML Syntax,98,55675,7,87,2810,62,912,8,722,20100,29,41390,,30,28069,9,[],License should use property 'http://purl.org/dc/terms/license'. Missing registry license.,ERROR,PASS,0 invalid IRIs. The Ontology IRI is not valid.,fp3,ERROR,Version IRI 'http://enanomapper.github.io/ontologies/releases/9.0/enanomapper.owl' is not in recommended format,WARN,Missing domain (scope),ERROR,PASS,PASS,PASS,Missing usages,ERROR,Missing contact information,ERROR,PASS,Version IRI does not have date information,INFO,PASS,PASS,5 errors,ERROR,5,1,1,,,,1,,,6,,,1,,,,,,,,,,,,,6584,469,1951,4,,,,61,2405,6,,,,,,19,,,,,,,19,,1,,272,1286,,,,258,1,40,274,40176,57,72,21,,,owl2,SHOF(D),FALSE,AL,0,RDF/XML Syntax,0,FALSE,0,,"['UseOfUndeclaredAnnotationProperty 183' 'UseOfUndeclaredClass 240'
 'UseOfUndeclaredObjectProperty 11']",[],"['BFO 8' 'BTO 44' 'CHEBI 568' 'CHMO 91' 'CL 6' 'CLO 430' 'ENVO 784'
 'GAZ 1' 'GENEPIO 1' 'GO 3' 'HP 7' 'IAO 66' 'NCIT 31' 'OAE 9085' 'OBA 27'
 'OBCS 23' 'OBI 1821' 'OMO 3' 'PATO 126' 'RO 26' 'STATO 10' 'UBERON 6'
 'UO 812' 'dc 14' 'dc11 17' 'foaf 4' 'obo 292' 'oboInOwl 99' 'owl 7'
 'prefix_unknown 8390' 'rdf 3' 'rdfs 5' 'schema 3' 'skos 5' 'xsd 12']"
34,52,52,TRUE,"['mat', 'MATALT']",TRUE,07:41.7,https://bimerr.iot.linkeddata.es/def/material-properties/ontology.ttl,mat,c7fffe8e3dc90ba232248c202f47885270ac377f868084b2c00e8ba23a771eeb,,202,,,,,,167,,,,,,,,,,,,,173,,,,549,100,10,140,8,0,13,0,459,,12,,2,,,4,,,,TRUE,0.444,(1*impact+1*dashboard)/2,0,0,1,0.222,0,0,TRUE,Turtle,,,,,,,5,,,,,533,,,219,17,[],Missing ontology license. Missing registry license.,ERROR,WARN,0 invalid IRIs. The Ontology IRI is not valid.,fp3,ERROR,Missing version IRI,ERROR,,PASS,PASS,PASS,PASS,Missing tracker and usages,ERROR,Invalid contact information,ERROR,PASS,Missing version IRI to check date,ERROR,ERROR,PASS,7 errors,ERROR,7,0,1,7,,Missing tracker and usages,,,,,"OWL syntax (Turtle), but should be RDF/XML",,,,9,6,,,,,,,,,,,,,,,,,,,,,,,,,,,,,,,,,12,,,,,,,,,,,,,,,,,,owl2_dl,ALQ(D),FALSE,AL,0,Turtle,0,TRUE,180,http://bimerr.iot.linkeddata.es/def/material-properties#FloorCoveringAndSkirtingBoard,[],['dc11 5' 'prefix_unknown 533' 'rdfs 219' 'xsd 17'],['dc11 5' 'owl 1' 'prefix_unknown 162' 'rdf 1' 'rdfs 4' 'xsd 3']
35,53,53,TRUE,"['matinfo', 'MATINFOALT']",TRUE,05:54.4,https://raw.githubusercontent.com/ebrahimnorouzi/mseo.github.io/master/Ontology_files/matinfo/OML-MaterialInformation.owl,matinfo,3cd05e5edfcaae86c8418c4c0514e6fa489b3ba5584e7885b9713dc2f42378f3,,104,1,,,479,62,704,,,,,,,,22,31,30,,,597,,,,2056,100,3,606,66,488,31,0,2405,,,,,,,,,,3,FALSE,0.333,(1*impact+1*dashboard)/2,0,0,1,0.167,0,0,TRUE,RDF/XML Syntax,,,,,,,,,,,,3214,,,104,26,[],Missing ontology license. Missing registry license.,ERROR,PASS,0 invalid IRIs. The Ontology IRI is not valid.,fp3,ERROR,Missing version IRI,ERROR,Missing domain (scope),ERROR,PASS,PASS,ERROR,Missing tracker and usages,ERROR,Missing contact information,ERROR,PASS,Missing version IRI to check date,ERROR,ERROR,PASS,9 errors,ERROR,9,0,0,10,,Missing tracker and usages,,,,,,,,,,,,16,,,,,Homepage URL (https://www.researchgate.net/publication/262004148_MaterialOntology) does not resolve,,,,,,,,,,,,,,,,,,,,,,,,,,,,,,,,,,,,,,,,,,,,owl2,ALU(D),TRUE,AL,0,RDF/XML Syntax,0,FALSE,30,https://raw.githubusercontent.com/ebrahimnorouzi/mseo.github.io/master/Ontology_files/matinfo/OML-MaterialInformation.owl#MaterialInformation,['IllegalPunning 1'],['prefix_unknown 86' 'rdfs 1' 'xsd 1'],['owl 1' 'prefix_unknown 1192' 'rdfs 1' 'xsd 1']
37,55,55,TRUE,"['mvc', 'MVCALT']",TRUE,07:21.8,https://raw.githubusercontent.com/stream-project/ontology/master/MatVoc-Core.ttl,mvc,f7913df96c4ce7a7633a07f46e20f46e2ab769721f6e58f324c376b75bf37dff,,75,,,,,3,29,,,,7,2,,,,18,12,,,6,,,,154,100,14,28,3,0,12,0,73,,,,,,,,,,,FALSE,0.444,(1*impact+1*dashboard)/2,0,0,1,0.222,0,0,TRUE,Turtle,,,,,,,,1,,,,124,,,75,2,[],Missing registry license.,ERROR,WARN,0 invalid IRIs. The Ontology IRI is not valid.,fp3,ERROR,Missing version IRI,ERROR,Missing domain (scope),ERROR,PASS,PASS,PASS,Missing usages,ERROR,Missing contact information,ERROR,PASS,Missing version IRI to check date,ERROR,PASS,PASS,7 errors,ERROR,7,0,1,2,,,,,,2,"OWL syntax (Turtle), but should be RDF/XML",,,,,,,,,,,,,,,,,,,,,,,,,,,,,,,,,,,,,,,,,,,,,,,,,,,,,,,,owl2,ALI(D),FALSE,AL,0,Turtle,0,TRUE,50,http://xmlns.com/foaf/0.1/Agent,['UseOfUndeclaredAnnotationProperty 11' 'UseOfUndeclaredClass 22'],['foaf 1' 'prefix_unknown 124' 'rdfs 75' 'skos 2' 'xsd 2'],"['dc 3' 'dc11 3' 'foaf 1' 'owl 1' 'prefix_unknown 44' 'rdf 1' 'rdfs 3'
 'schema 1' 'skos 1' 'xsd 1']"
38,56,56,TRUE,"['mwo', 'MWOALT']",TRUE,07:32.8,https://git.rwth-aachen.de/nfdi-matwerk/ta-oms/mwo/-/raw/main/ontology/mwo.owl,mwo,54508ef4511c8f3e7ec1724b01166b1d37f1546dc6a2c5cff2a57e4060257fad,,557,,2,,4,25,262,,,,7,21,,,,54,54,,8,92,8,4,,1113,100,45,115,29,5,74,0,465,,1,,,,,,,1,18,FALSE,0.378,(1*impact+1*dashboard)/2,0,0,1,0.189,0,0,TRUE,OWL Functional Syntax,13,152,,,,34,8,13,,44,8,752,,,346,5,[],Missing registry license.,ERROR,WARN,0 invalid IRIs. The Ontology IRI is not valid.,fp3,ERROR,Missing version IRI,ERROR,Missing domain (scope),ERROR,PASS,PASS,PASS,Missing tracker and usages,ERROR,Missing contact information,ERROR,PASS,Missing version IRI to check date,ERROR,ERROR,PASS,8 errors,ERROR,8,0,1,3,11,Missing tracker and usages,,,,13,"OWL syntax (OWL Functional Syntax), but should be RDF/XML",,1,,,,2,,,,,,,,,,,,32,,,,,,,,,,,,,,,,,,,,,,,,,,,,,,,4,,,,,,,owl2,ALCHIF(D),FALSE,AL,0,OWL Functional Syntax,7,TRUE,284,http://nfdi.fiz-karlsruhe.de/ontology/Person,['IllegalPunning 9' 'UseOfUndeclaredDataProperty 5'],"['BFO 13' 'IAO 152' 'NCIT 4' 'dc 34' 'dc11 8' 'foaf 13' 'oboInOwl 44'
 'owl 8' 'prefix_unknown 752' 'rdfs 346' 'schema 32' 'skos 13' 'xsd 5']","['BFO 3' 'IAO 11' 'NCIT 2' 'dc 11' 'dc11 6' 'foaf 4' 'oboInOwl 7' 'owl 2'
 'prefix_unknown 207' 'rdf 1' 'rdfs 4' 'schema 8' 'skos 3' 'xsd 4']"
39,60,60,TRUE,"['periodictable', 'PERIODICTABLEALT']",TRUE,06:09.1,http://www.daml.org/2003/01/periodictable/PeriodicTable.owl,periodictable,5c7eeeb723168d837353e65e06b77a225fa3b8e30bc7134b7e1b26a36f259727,,2,,,,156,,19,,,,3,,,,823,,,,,22,,,,1756,100,3,7,7,156,6,0,197,,7,,3,,,,3,,,TRUE,0.4,(1*impact+1*dashboard)/2,0,0,1,0.2,0,0,TRUE,RDF/XML Syntax,,,,,,,,,,,3,4327,,,6,739,[],Missing ontology license. Missing registry license.,ERROR,PASS,0 invalid IRIs. The Ontology IRI is not valid.,fp3,ERROR,Missing version IRI,ERROR,Missing domain (scope),ERROR,PASS,PASS,PASS,Missing tracker and usages,ERROR,Missing contact information,ERROR,PASS,Missing version IRI to check date,ERROR,ERROR,PASS,8 errors,ERROR,8,0,0,,,Missing tracker and usages,,,,,,,,,8,4,,731,,,,,,,,,,,,,,,,,,,,,,,,,,,,,,,,,,,,,,,,,,,,,,,,,owl2_dl,ALUON(D),FALSE,AL,0,RDF/XML Syntax,0,TRUE,1735,http://www.daml.org/2003/01/periodictable/PeriodicTable#Classification,[],['owl 3' 'prefix_unknown 4327' 'rdfs 6' 'xsd 739'],['owl 2' 'prefix_unknown 175' 'rdf 1' 'rdfs 3' 'xsd 3']
40,61,61,TRUE,"['ssos', 'SSOSALT']",TRUE,07:38.6,https://groups.niso.org/higherlogic/ws/public/download/26422/SSOS01.owl,ssos,51592cd5f6375ff0ecbe6a014ef5d59faab9e91ad4ae167d82712e34dea6c207,,79,,,,,3,76,,6,,,1,,,,1,4,,,23,13,,1,244,100,3,27,21,0,19,0,100,,,,,,,,,,,TRUE,0.311,(1*impact+1*dashboard)/2,0,0,1,0.155,0,0,TRUE,OWL/XML Syntax,,,,,,,,,,,20,213,,1,65,26,[],Missing ontology license. Missing registry license.,ERROR,WARN,0 invalid IRIs. The Ontology IRI is not valid.,fp3,ERROR,Missing version IRI,ERROR,Missing domain (scope),ERROR,PASS,PASS,ERROR,Missing tracker and usages,ERROR,Missing contact information,ERROR,PASS,Missing version IRI to check date,ERROR,ERROR,PASS,9 errors,ERROR,9,0,1,20,17,Missing tracker and usages,,,,16,"OWL syntax (OWL/XML Syntax), but should be RDF/XML",,,,1,,,,,,,,Homepage URL (https://www.niso.org/standards-committees/ssos) does not resolve,,,,,,,,,,,,,,,,,,,,,,,,,,,,,,,,,,,,,,,,,,,,owl2_rl,SHI(D),FALSE,D,0,OWL/XML Syntax,17,FALSE,89,https://www.niso.org/standards-committees/ssos/ssos01.owl#Standard,[],['owl 20' 'prefix_unknown 213' 'rdf 1' 'rdfs 65' 'skos 16' 'xsd 26'],['owl 3' 'prefix_unknown 65' 'rdf 1' 'rdfs 1' 'skos 1' 'xsd 5']
41,62,62,TRUE,"['vimmp', 'VIMMPALT']",TRUE,,https://raw.githubusercontent.com/ebrahimnorouzi/mseo.github.io/master/Ontology_files/combined-vimmp-ontologies.owl,vimmp,d22a014085312695ca78f0d46351650aeecb52cc724ed71f53eabd58752ff260,,1848,,,,1052,166,2763,25,49,3,192,94,,,652,517,520,118,,1828,709,32,38,11863,100,19,1082,191,897,580,-1,7602,103,6,2,66,211,93,17,6,139,52,FALSE,,,,,,,0,,FALSE,RDF/XML Syntax,,,,,,7,,,44,,29,17812,,10,1292,942,,,,,,,,,,,,,,,,,,,,,,,,,,,,,170,242,,18,,62,1204,,74,26,,2,12,33,661,2,,2,2,,1,,,,,,,,,,,,,,,,,,,,,,,,,,,,,,,,,,,,,,,,,inconsistent_ontology,,owl2,SROIQ(D),FALSE,D,0,RDF/XML Syntax,11,TRUE,7252,https://purl.vimmp.eu/semantics/otras/otras.ttl#mm_topic_side,"['UseOfNonSimplePropertyInCardinalityRestriction 7'
 'UseOfReservedVocabularyForAnnotationPropertyIRI 2'
 'UseOfReservedVocabularyForClassIRI 4']","['dc 7' 'obo 44' 'owl 29' 'prefix_unknown 17812' 'rdf 10' 'rdfs 1292'
 'skos 1204' 'xsd 942']","['dc 7' 'obo 13' 'owl 3' 'prefix_unknown 2731' 'rdf 1' 'rdfs 7' 'skos 9'
 'xsd 9']"
