,Unnamed: 0,base_generated,base_prefixes,changed,date,mirror_from,namespace,sha256_hash,version,metrics.Axioms: Breakdown of axiom types.AnnotationAssertion,metrics.Axioms: Breakdown of axiom types.AnnotationPropertyDomain,metrics.Axioms: Breakdown of axiom types.AnnotationPropertyRangeOf,metrics.Axioms: Breakdown of axiom types.AsymmetricObjectProperty,metrics.Axioms: Breakdown of axiom types.ClassAssertion,metrics.Axioms: Breakdown of axiom types.DataPropertyDomain,metrics.Axioms: Breakdown of axiom types.Declaration,metrics.Axioms: Breakdown of axiom types.DifferentIndividuals,metrics.Axioms: Breakdown of axiom types.DisjointClasses,metrics.Axioms: Breakdown of axiom types.DisjointObjectProperties,metrics.Axioms: Breakdown of axiom types.EquivalentClasses,metrics.Axioms: Breakdown of axiom types.InverseObjectProperties,metrics.Axioms: Breakdown of axiom types.IrrefexiveObjectProperty,metrics.Axioms: Breakdown of axiom types.NegativeObjectPropertyAssertion,metrics.Axioms: Breakdown of axiom types.ObjectPropertyAssertion,metrics.Axioms: Breakdown of axiom types.ObjectPropertyDomain,metrics.Axioms: Breakdown of axiom types.ObjectPropertyRange,metrics.Axioms: Breakdown of axiom types.SameIndividual,metrics.Axioms: Breakdown of axiom types.SubAnnotationPropertyOf,metrics.Axioms: Breakdown of axiom types.SubClassOf,metrics.Axioms: Breakdown of axiom types.SubObjectPropertyOf,metrics.Axioms: Breakdown of axiom types.SymmetricObjectProperty,metrics.Axioms: Breakdown of axiom types.TransitiveObjectProperty,metrics.Axioms: Number of axioms,metrics.Entities: % of entities reused,metrics.Entities: Number of annotation properties,metrics.Entities: Number of classes,metrics.Entities: Number of data properties,metrics.Entities: Number of individuals,metrics.Entities: Number of object properties,metrics.Entities: Number of unsatisfiable classes,metrics.Info: Breakdown of OWL class expressions used.Class,metrics.Info: Breakdown of OWL class expressions used.DataHasValue,metrics.Info: Breakdown of OWL class expressions used.ObjectAllValuesFrom,metrics.Info: Breakdown of OWL class expressions used.ObjectComplementOf,metrics.Info: Breakdown of OWL class expressions used.ObjectExactCardinality,metrics.Info: Breakdown of OWL class expressions used.ObjectHasValue,metrics.Info: Breakdown of OWL class expressions used.ObjectIntersectionOf,metrics.Info: Breakdown of OWL class expressions used.ObjectMinCardinality,metrics.Info: Breakdown of OWL class expressions used.ObjectOneOf,metrics.Info: Breakdown of OWL class expressions used.ObjectSomeValuesFrom,metrics.Info: Breakdown of OWL class expressions used.ObjectUnionOf,metrics.Info: Does the ontology fall under OWL 2 DL?,metrics.Info: Experimental OBO score._dashboard,metrics.Info: Experimental OBO score._formula,metrics.Info: Experimental OBO score._impact,metrics.Info: Experimental OBO score._impact_external,metrics.Info: Experimental OBO score._reuse,metrics.Info: Experimental OBO score.oboscore,metrics.Info: How many externally documented uses?,metrics.Info: How many ontologies use it?,metrics.Info: Logical consistency,metrics.Info: Syntax,metrics.Info: Usage of namespaces in axioms.BFO,metrics.Info: Usage of namespaces in axioms.IAO,metrics.Info: Usage of namespaces in axioms.OMO,metrics.Info: Usage of namespaces in axioms.RO,metrics.Info: Usage of namespaces in axioms.UO,metrics.Info: Usage of namespaces in axioms.dc,metrics.Info: Usage of namespaces in axioms.dc11,metrics.Info: Usage of namespaces in axioms.foaf,metrics.Info: Usage of namespaces in axioms.obo,metrics.Info: Usage of namespaces in axioms.oboInOwl,metrics.Info: Usage of namespaces in axioms.owl,metrics.Info: Usage of namespaces in axioms.prefix_unknown,metrics.Info: Usage of namespaces in axioms.rdf,metrics.Info: Usage of namespaces in axioms.rdfs,metrics.Info: Usage of namespaces in axioms.xsd,metrics.Info: Which ontologies use it?,results.FP01 Open.comment,results.FP01 Open.status,results.FP02 Common Format.status,results.FP03 URIs.comment,results.FP03 URIs.file,results.FP03 URIs.status,results.FP04 Versioning.comment,results.FP04 Versioning.status,results.FP05 Scope.comment,results.FP05 Scope.status,results.FP06 Textual Definitions.status,results.FP07 Relations.status,results.FP08 Documented.status,results.FP09 Plurality of Users.comment,results.FP09 Plurality of Users.status,results.FP11 Locus of Authority.comment,results.FP11 Locus of Authority.status,results.FP12 Naming Conventions.status,results.FP16 Maintenance.comment,results.FP16 Maintenance.status,results.FP20 Responsiveness.status,results.ROBOT Report.status,summary.comment,summary.status,summary.summary_count.ERROR,summary.summary_count.INFO,summary.summary_count.WARN,metrics.Axioms: Breakdown of axiom types.DataPropertyRange,metrics.Axioms: Breakdown of axiom types.SubDataPropertyOf,results.FP20 Responsiveness.comment,metrics.Axioms: Breakdown of axiom types.FunctionalObjectProperty,metrics.Axioms: Breakdown of axiom types.InverseFunctionalObjectProperty,metrics.Axioms: Breakdown of axiom types.SubPropertyChainOf,results.FP02 Common Format.comment,metrics.Axioms: Breakdown of axiom types.DisjointUnion,metrics.Axioms: Breakdown of axiom types.FunctionalDataProperty,metrics.Axioms: Breakdown of axiom types.Rule,metrics.Info: Breakdown of OWL class expressions used.DataAllValuesFrom,metrics.Info: Breakdown of OWL class expressions used.DataExactCardinality,metrics.Info: Breakdown of OWL class expressions used.DataSomeValuesFrom,metrics.Info: Usage of namespaces in axioms.skos,metrics.Axioms: Breakdown of axiom types.DataPropertyAssertion,metrics.Axioms: Breakdown of axiom types.ReflexiveObjectProperty,metrics.Axioms: Breakdown of axiom types.EquivalentDataProperties,failure,metrics.Info: Breakdown of OWL class expressions used.ObjectMaxCardinality,metrics.Axioms: Breakdown of axiom types.EquivalentObjectProperties,results.FP08 Documented.comment,metrics.Info: Breakdown of OWL class expressions used.DataMinCardinality,metrics.Info: Usage of namespaces in axioms.APOLLO_SV,metrics.Info: Usage of namespaces in axioms.OBI,metrics.Info: Usage of namespaces in axioms.PATO,metrics.Info: Usage of namespaces in axioms.prov,metrics.Info: Usage of namespaces in axioms.schema,metrics.Info: Breakdown of OWL class expressions used.ObjectHasSelf,metrics.Info: Usage of namespaces in axioms.BSPO,metrics.Info: Usage of namespaces in axioms.CARO,metrics.Info: Usage of namespaces in axioms.CHEBI,metrics.Info: Usage of namespaces in axioms.CL,metrics.Info: Usage of namespaces in axioms.ENVO,metrics.Info: Usage of namespaces in axioms.GO,metrics.Info: Usage of namespaces in axioms.NBO,metrics.Info: Usage of namespaces in axioms.NCBITaxon,metrics.Info: Usage of namespaces in axioms.PCO,metrics.Info: Usage of namespaces in axioms.PR,metrics.Info: Usage of namespaces in axioms.SO,metrics.Info: Usage of namespaces in axioms.UBERON,results.FP06 Textual Definitions.comment,results.ROBOT Report.comment,results.ROBOT Report.file,results.ROBOT Report.results.ERROR,results.ROBOT Report.results.INFO,results.ROBOT Report.results.WARN,metrics.Axioms: Breakdown of axiom types.DatatypeDefinition,metrics.Info: Breakdown of OWL class expressions used.DataMaxCardinality,metrics.Info: Usage of namespaces in axioms.GAZ,metrics.Info: Usage of namespaces in axioms.BCGO,metrics.Info: Usage of namespaces in axioms.BTO,metrics.Info: Usage of namespaces in axioms.CLO,metrics.Info: Usage of namespaces in axioms.ERO,metrics.Info: Usage of namespaces in axioms.PO,metrics.Axioms: Breakdown of axiom types.DisjointDataProperties,metrics.Info: Usage of namespaces in axioms.CHMO,metrics.Info: Usage of namespaces in axioms.GENEPIO,metrics.Info: Usage of namespaces in axioms.HP,metrics.Info: Usage of namespaces in axioms.NCIT,metrics.Info: Usage of namespaces in axioms.OAE,metrics.Info: Usage of namespaces in axioms.OBA,metrics.Info: Usage of namespaces in axioms.OBCS,metrics.Info: Usage of namespaces in axioms.STATO,metrics.Info: Usage of namespaces in axioms.void,OWL2 profile information,Semantic expressivity,Does the ontology correspond to the RDFS profile?,Logical constructs used,Number of SWRL rules used,What serialisation is used for the ontology?,Number of tautological axioms,"If true, there is a definite cycle in the ontology. If false, cyclicity is unknown (experimental)",Number of logical axioms in ontology,Most frequently used class,Counts of OWL2 DL profile violations,Number of axioms using at least one term in a namespace,namespace_entity_count
0,0,True,"['AMONTOLOGY', 'AMONTOLOGYALT']",True,2023-03-07 10:37:15.249086,http://openenergy-platform.org/ontology/oeo/releases/oeo.owl,AMONTOLOGY,de328a62048b6e722d6b33d37b008c61ae3c79f201d8f7c3e711f87a7be0ae9a,http://openenergy-platform.org/ontology/oeo/releases/1.13.0/oeo.omn,9187.0,1.0,1.0,1.0,237.0,1.0,1856.0,6.0,47.0,1.0,137.0,17.0,1.0,1.0,333.0,72.0,71.0,7.0,20.0,2365.0,99.0,1.0,2.0,14464.0,100.0,99.0,1416.0,1.0,220.0,118.0,0.0,7085.0,4.0,16.0,18.0,2.0,78.0,182.0,3.0,3.0,1082.0,61.0,False,0.571,(1*impact+1*dashboard)/2,0.0,0.0,1.0,0.285,0.0,0.0,True,RDF/XML Syntax,786.0,4798.0,6.0,528.0,1224.0,5.0,22.0,1.0,26.0,2366.0,25.0,8588.0,125.0,1989.0,6.0,[],Missing registry license.,ERROR,PASS,0 invalid IRIs. The Ontology IRI is not valid.,fp3,ERROR,Version IRI 'http://openenergy-platform.org/ontology/oeo/releases/1.13.0/oeo.omn' is not in recommended format,WARN,Missing domain (scope),ERROR,PASS,PASS,PASS,Missing usages,ERROR,Missing contact information,ERROR,PASS,Version IRI does not have date information,INFO,PASS,PASS,5 errors,ERROR,5.0,1.0,1.0,,,,,,,,,,,,,,,,,,,,,,,,,,,,,,,,,,,,,,,,,,,,,,,,,,,,,,,,,,,,,,,,,owl2,SROIQ(D),false,AL,0,RDF/XML Syntax,0,false,0,,"['UseOfNonSimplePropertyInCardinalityRestriction 1'
 'UseOfUndeclaredAnnotationProperty 2']",['BFO 19' 'IAO 5' 'RO 13' 'dc 2' 'dc11 2' 'rdf 1' 'rdfs 3'],"['BFO 42' 'IAO 90' 'OMO 3' 'RO 42' 'UO 378' 'dc 3' 'dc11 17' 'foaf 2'
 'obo 13' 'oboInOwl 18' 'owl 3' 'prefix_unknown 1242' 'rdf 1' 'rdfs 4'
 'xsd 5']"
1,1,True,"['BWMD-DOMAIN', 'BWMD-DOMAINALT']",True,2023-03-07 10:35:00.173782,https://raw.githubusercontent.com/ebrahimnorouzi/mseo.github.io/master/Ontology_files/BWMD_domain.owl,BWMD-DOMAIN,f1665b26bb03163d7f01211626356bbc30863f9f42f94494358a7c563bfb6bf9,https://gitlab.cc-asp.fraunhofer.de/EMI_datamanagement/bwmd_ontology/-/raw/master/BWMD_domain.owl,2151.0,,,,,2.0,849.0,,20.0,,,1.0,,,,8.0,13.0,,2.0,786.0,26.0,,,3879.0,100.0,29.0,787.0,12.0,0.0,27.0,0.0,2507.0,,,,,,,,,,,True,0.504,(1*impact+1*dashboard)/2,0.0,0.0,1.0,0.252,0.0,0.0,True,RDF/XML Syntax,258.0,426.0,,,,1.0,2.0,2.0,,,12.0,2471.0,,1788.0,10.0,[],Missing ontology license. Missing registry license.,ERROR,PASS,0 invalid IRIs. The Ontology IRI is not valid.,fp3,ERROR,Version IRI 'https://gitlab.cc-asp.fraunhofer.de/EMI_datamanagement/bwmd_ontology/-/raw/master/BWMD_domain.owl' is not in recommended format,WARN,Missing domain (scope),ERROR,PASS,PASS,PASS,Missing tracker and usages,ERROR,Missing contact information,ERROR,PASS,Version IRI does not have date information,INFO,ERROR,PASS,6 errors,ERROR,6.0,1.0,1.0,10.0,11.0,Missing tracker and usages,,,,,,,,,,,,,,,,,,,,,,,,,,,,,,,,,,,,,,,,,,,,,,,,,,,,,,,,,,,,,,owl2_dl,ALCHI(D),false,AL,0,RDF/XML Syntax,0,false,424,https://www.materials.fraunhofer.de/ontologies/BWMD_ontology/mid#BWMD_00249,[],['BFO 7' 'prefix_unknown 1300' 'rdfs 917'],"['BFO 37' 'IAO 13' 'dc 1' 'dc11 2' 'foaf 2' 'owl 4' 'prefix_unknown 792'
 'rdf 1' 'rdfs 4' 'xsd 7']"
2,2,True,"['BWMD-MID', 'BWMD-MIDALT']",True,2023-03-07 10:34:56.105824,https://raw.githubusercontent.com/ebrahimnorouzi/mseo.github.io/master/Ontology_files/BWMD_mid.owl,BWMD-MID,a3f53082fd4a6098d827a57b0a4be79e90f3a13c6a258d0ee7f74a36c007ad54,https://raw.githubusercontent.com/ebrahimnorouzi/mseo.github.io/master/Ontology_files/BWMD_mid.owl,1234.0,,,,,2.0,425.0,,20.0,,,1.0,,,,8.0,13.0,,2.0,362.0,26.0,,,2114.0,100.0,29.0,363.0,12.0,0.0,27.0,0.0,1235.0,,,,,,,,,,,True,0.504,(1*impact+1*dashboard)/2,0.0,0.0,1.0,0.252,0.0,0.0,True,RDF/XML Syntax,253.0,426.0,,,,1.0,2.0,2.0,,,12.0,1204.0,,871.0,10.0,[],Missing ontology license. Missing registry license.,ERROR,PASS,0 invalid IRIs. The Ontology IRI is not valid.,fp3,ERROR,Version IRI 'https://raw.githubusercontent.com/ebrahimnorouzi/mseo.github.io/master/Ontology_files/BWMD_mid.owl' is not in recommended format,WARN,Missing domain (scope),ERROR,PASS,PASS,PASS,Missing tracker and usages,ERROR,Missing contact information,ERROR,PASS,Version IRI does not have date information,INFO,ERROR,PASS,6 errors,ERROR,6.0,1.0,1.0,10.0,11.0,Missing tracker and usages,,,,,,,,,,,,,,,,,,,,,,,,,,,,,,,,,,,,,,,,,,,,,,,,,,,,,,,,,,,,,,owl2_dl,ALCHI(D),false,AL,0,RDF/XML Syntax,11,false,399,https://www.materials.fraunhofer.de/ontologies/BWMD_ontology/mid#BWMD_00008,[],['BFO 45' 'owl 11' 'prefix_unknown 1204' 'rdfs 761' 'xsd 10'],"['BFO 37' 'IAO 13' 'dc 1' 'dc11 2' 'foaf 2' 'owl 4' 'prefix_unknown 368'
 'rdf 1' 'rdfs 4' 'xsd 7']"
3,3,True,"['cco', 'CCOALT']",True,2023-03-07 10:34:51.602084,https://raw.githubusercontent.com/CommonCoreOntology/CommonCoreOntologies/master/AllCoreOntology.ttl,CCO,12c266114f50f7f944f93f53769a8ac0011184ee8ce8884d1efd4a70e2fdbb70,http://www.ontologyrepository.com/CommonCoreOntologies/Mid/2021-03-01/AllCoreOntology,7918.0,,,6.0,360.0,8.0,2095.0,,35.0,5.0,56.0,126.0,9.0,,,129.0,131.0,,14.0,1503.0,192.0,14.0,13.0,12655.0,100.0,59.0,1423.0,12.0,348.0,258.0,0.0,5271.0,,3.0,,,,21.0,,,142.0,9.0,True,0.504,(1*impact+1*dashboard)/2,0.0,0.0,1.0,0.252,0.0,0.0,True,Turtle,623.0,591.0,,191.0,,1.0,5.0,2.0,,18.0,2.0,11763.0,,2329.0,9.0,[],Missing ontology license. Missing registry license.,ERROR,WARN,0 invalid IRIs. The Ontology IRI is not valid.,fp3,ERROR,Version IRI does not resolve,ERROR,Missing domain (scope),ERROR,PASS,PASS,PASS,Missing usages,ERROR,Missing contact information,ERROR,PASS,Version IRI does not have date information,INFO,PASS,PASS,6 errors,ERROR,6.0,1.0,1.0,9.0,,,11.0,11.0,10.0,"OWL syntax (Turtle), but should be RDF/XML",,,,,,,,,,,,,,,,,,,,,,,,,,,,,,,,,,,,,,,,,,,,,,,,,,,,,,,,,,owl2,SRIF(D),false,AL,0,Turtle,0,false,0,,['UseOfUndeclaredAnnotationProperty 1'],[],"['BFO 43' 'IAO 14' 'RO 28' 'dc 1' 'dc11 3' 'foaf 2' 'oboInOwl 2' 'owl 3'
 'prefix_unknown 2000' 'rdf 1' 'rdfs 4' 'xsd 7']"
4,4,True,"['CHAMEO', 'CHAMEOALT']",True,2023-03-07 10:37:19.381809,https://raw.githubusercontent.com/emmo-repo/domain-characterisation-methodology/main/chameo.ttl,CHAMEO,24e76fa7da656e3641c37acfd4445b8c90fd9720633c9b9daf21165eb0318a23,http://emmo.info/emmo/domain/chameo/chameo,2001.0,,12.0,18.0,1.0,4.0,783.0,,3.0,10.0,67.0,1.0,24.0,,,76.0,83.0,,20.0,660.0,159.0,12.0,,3977.0,100.0,44.0,601.0,5.0,1.0,142.0,0.0,2416.0,8.0,14.0,5.0,5.0,1.0,12.0,1.0,,84.0,56.0,False,0.549,(1*impact+1*dashboard)/2,0.0,0.0,1.0,0.275,0.0,0.0,True,Turtle,,,,,,12.0,,1.0,,,22.0,4225.0,19.0,345.0,12.0,[],Missing registry license.,ERROR,WARN,0 invalid IRIs. The Ontology IRI is not valid.,fp3,ERROR,Version IRI 'http://emmo.info/emmo/domain/chameo/chameo' is not in recommended format,WARN,Missing domain (scope),ERROR,PASS,PASS,PASS,Missing usages,ERROR,Missing contact information,ERROR,PASS,Version IRI does not have date information,INFO,PASS,PASS,5 errors,ERROR,5.0,1.0,2.0,3.0,1.0,,2.0,3.0,,"OWL syntax (Turtle), but should be RDF/XML",22.0,3.0,9.0,3.0,3.0,3.0,852.0,,,,,,,,,,,,,,,,,,,,,,,,,,,,,,,,,,,,,,,,,,,,,,,,,,,owl2,ALCROIQ(D),false,AL,0,Turtle,2,true,137,http://emmo.info/emmo/domain/chameo/chameo#Sample,['UseOfReservedVocabularyForAnnotationPropertyIRI 16'],['dc 6' 'foaf 1' 'prefix_unknown 448' 'rdfs 141' 'skos 49' 'xsd 1'],"['dc 12' 'foaf 1' 'owl 8' 'prefix_unknown 641' 'rdf 1' 'rdfs 4' 'skos 3'
 'xsd 6']"
5,5,True,"['cif-core', 'CIFALT']",True,2023-03-07 10:35:20.420272,https://raw.githubusercontent.com/ebrahimnorouzi/mseo.github.io/master/Ontology_files/cif-core.ttl,CIF,9f6d2fced7b235e7629d4b23a9de1f36c84e1840558d87a83aa7bc056c9b6088,,282.0,,3.0,1.0,14.0,,177.0,,,,3.0,,1.0,,16.0,,,,83.0,71.0,4.0,,2.0,678.0,100.0,88.0,68.0,2.0,18.0,5.0,0.0,273.0,,5.0,,1.0,,1.0,,,4.0,4.0,True,0.444,(1*impact+1*dashboard)/2,0.0,0.0,1.0,0.222,0.0,0.0,True,Turtle,,,,,,,,,,,5.0,907.0,5.0,52.0,20.0,[],Missing ontology license. Missing registry license.,ERROR,WARN,0 invalid IRIs. The Ontology IRI is not valid.,fp3,ERROR,Missing version IRI,ERROR,Missing domain (scope),ERROR,PASS,PASS,PASS,Missing usages,ERROR,Missing contact information,ERROR,PASS,Missing version IRI to check date,ERROR,PASS,PASS,7 errors,ERROR,7.0,0.0,1.0,,1.0,,,1.0,,"OWL syntax (Turtle), but should be RDF/XML",5.0,1.0,,1.0,,14.0,,12.0,1.0,,,,,,,,,,,,,,,,,,,,,,,,,,,,,,,,,,,,,,,,,,,,,,,,,owl2_dl,SRIQ(D),false,AL,0,Turtle,0,false,87,http://emmo.info/emmo/cif-core#SPACE_GROUP_SYMOP,[],['prefix_unknown 422' 'rdf 5' 'rdfs 2' 'xsd 7'],['owl 4' 'prefix_unknown 177' 'rdf 1' 'rdfs 1' 'xsd 5']
6,6,True,"['deb', 'DEBALT']",True,2023-03-07 10:36:06.845925,https://raw.githubusercontent.com/ProjectDebbie/Ontology_DEB/master/DEB_ont.owl,DEB,e03f95bc624b67253f3974898fb88320ca97be0d5510f59b7cee193797e022a1,,296.0,,,,,235.0,729.0,,,,8.0,,,,,22.0,14.0,,,666.0,,,,2135.0,100.0,11.0,601.0,109.0,0.0,12.0,0.0,2147.0,73.0,,,,,,,,,,True,0.467,(1*impact+1*dashboard)/2,0.0,0.0,1.0,0.234,0.0,0.0,True,RDF/XML Syntax,,,,,,64.0,,,,,4.0,2891.0,,31.0,170.0,[],Missing ontology license. Missing registry license.,ERROR,PASS,0 invalid IRIs. The Ontology IRI is not valid.,fp3,ERROR,Missing version IRI,ERROR,Missing domain (scope),ERROR,PASS,PASS,PASS,Missing usages,ERROR,Missing contact information,ERROR,PASS,Missing version IRI to check date,ERROR,PASS,PASS,7 errors,ERROR,7.0,0.0,0.0,97.0,63.0,,,,,,,,,,,,158.0,,,5.0,,,,,,,,,,,,,,,,,,,,,,,,,,,,,,,,,,,,,,,,,,,,,,,,owl2_rl,ALH(D),false,AL,0,RDF/XML Syntax,4,true,1110,http://www.semanticweb.org/osnathakimi/ontologies/deb#ClinicalStudy,[],['dc 64' 'owl 4' 'prefix_unknown 2891' 'rdfs 31' 'skos 158' 'xsd 170'],['dc 4' 'owl 1' 'prefix_unknown 724' 'rdf 1' 'rdfs 3' 'skos 1' 'xsd 2']
7,7,True,"['diso', 'DISOALT']",True,2023-03-07 10:35:54.542981,https://raw.githubusercontent.com/Materials-Data-Science-and-Informatics/dislocation-ontology/master/dislocation-ontology.ttl,DISO,0a3d0b1e22c300f864e2d2157b1599e4b5a7655209c679f4f7fbcd8cb59dc49e,,147.0,,,,,5.0,91.0,,6.0,,,1.0,,,,25.0,25.0,,,62.0,6.0,,,373.0,100.0,13.0,38.0,12.0,0.0,33.0,0.0,227.0,,26.0,,3.0,,17.0,,,22.0,8.0,True,0.444,(1*impact+1*dashboard)/2,0.0,0.0,1.0,0.222,0.0,0.0,True,Turtle,,,,,,5.0,,,,,1.0,400.0,1.0,140.0,16.0,[],Missing registry license.,ERROR,WARN,0 invalid IRIs. The Ontology IRI is not valid.,fp3,ERROR,Missing version IRI,ERROR,Missing domain (scope),ERROR,PASS,PASS,PASS,Missing usages,ERROR,Missing contact information,ERROR,PASS,Missing version IRI to check date,ERROR,PASS,PASS,7 errors,ERROR,7.0,0.0,1.0,5.0,,,,,,"OWL syntax (Turtle), but should be RDF/XML",,,,,13.0,,4.0,,,,,,,,,,,,,,,,,,,,,,,,,,,,,,,,,,,,,,,,,,,,,,,,,,,owl2_dl,ALCHIQ(D),false,AL,0,Turtle,1,true,135,https://purls.helmholtz-metadaten.de/diso#BurgersVector,[],['dc 5' 'owl 1' 'prefix_unknown 400' 'rdf 1' 'rdfs 140' 'skos 4' 'xsd 16'],['dc 5' 'owl 2' 'prefix_unknown 84' 'rdf 2' 'rdfs 4' 'skos 1' 'xsd 2']
8,8,True,"['emmo', 'EMMOALT']",True,2023-03-07 10:32:12.244758,https://raw.githubusercontent.com/emmo-repo/EMMO/master/emmo.ttl,EMMO,d4ee0c65ba7cc9bf556a731df3ff81612f0a4bdf95df2a492bded5b375d07519,http://emmo.info/emmo/1.0.0-beta,1743.0,,18.0,16.0,,2.0,539.0,,1.0,,62.0,,16.0,,,22.0,30.0,,22.0,623.0,47.0,7.0,8.0,3191.0,100.0,35.0,463.0,3.0,1.0,46.0,0.0,1919.0,125.0,47.0,5.0,5.0,1.0,6.0,,,106.0,12.0,False,0.549,(1*impact+1*dashboard)/2,0.0,0.0,1.0,0.275,0.0,0.0,True,Turtle,,,,,,6.0,,,,,27.0,3399.0,105.0,298.0,30.0,[],Missing registry license.,ERROR,WARN,0 invalid IRIs. The Ontology IRI is not valid.,fp3,ERROR,Version IRI 'http://emmo.info/emmo/1.0.0-beta' is not in recommended format,WARN,Missing domain (scope),ERROR,PASS,PASS,PASS,Missing usages,ERROR,Missing contact information,ERROR,PASS,Version IRI does not have date information,INFO,PASS,PASS,5 errors,ERROR,5.0,1.0,2.0,1.0,1.0,,4.0,5.0,,"OWL syntax (Turtle), but should be RDF/XML",24.0,,,3.0,3.0,3.0,572.0,,,,,,,,,,,,,,,,,,,,,,,,,,,,,,,,,,,,,,,,,,,,,,,,,,,owl2,SROIQ(D),false,AL,0,Turtle,0,false,0,,['UseOfReservedVocabularyForAnnotationPropertyIRI 17'],[],['dc 6' 'owl 7' 'prefix_unknown 528' 'rdf 1' 'rdfs 4' 'skos 3' 'xsd 6']
9,9,True,,True,,https://raw.githubusercontent.com/ebrahimnorouzi/mseo.github.io/master/Ontology_files/BVCO.ttl,EMMO_BVC,3b6d3cc14daa8b5a7c87fc822ab5c4315e570a88fdb20c25732715e746ca062b,,,,,,,,,,,,,,,,,,,,,,,,,,,,,,,,,,,,,,,,,,,,,,,,,,,,,,,,,,,,,,,,,,,,,,,,,,,,,,,,,,,,,,,,,,,,,,,,,,,,,,,,,,,,,,,,,,,failed_robot_base,,,,,,,,,,,,,,,,,,,,,,,,,,,,,,,,,,,,,,,,,,,,,,,owl2,SROIQ(D),false,AL,0,Turtle,0,true,276,https://bvco.ontology.link/BVCO_1c325086_be16_4556_9d2d_222cccf6a4b7,"['UseOfReservedVocabularyForAnnotationPropertyIRI 17'
 'UseOfUndeclaredClass 27' 'UseOfUndeclaredObjectProperty 2']",['prefix_unknown 839' 'rdfs 33' 'skos 98'],['dc 8' 'owl 5' 'prefix_unknown 2317' 'rdf 1' 'rdfs 4' 'skos 3' 'xsd 4']
10,10,True,,True,,https://raw.githubusercontent.com/BIG-MAP/BattINFO/master/battinfo.ttl,EMMO_BattINFO,4d2c58975fd593fc4d3bdd9c16fb61e47da0cf3680e0c137f9c74547568a5f6c,,,,,,,,,,,,,,,,,,,,,,,,,,,,,,,,,,,,,,,,,,,,,,,,,,,,,,,,,,,,,,,,,,,,,,,,,,,,,,,,,,,,,,,,,,,,,,,,,,,,,,,,,,,,,,,,,,,failed_robot_base,,,,,,,,,,,,,,,,,,,,,,,,,,,,,,,,,,,,,,,,,,,,,,,owl2,SRIQ(D),false,AL,0,Turtle,0,false,0,,['UseOfReservedVocabularyForAnnotationPropertyIRI 17'],['dc 2'],['dc 8' 'owl 4' 'prefix_unknown 2017' 'rdf 1' 'rdfs 4' 'skos 2' 'xsd 4']
11,11,True,"['emmo_datamodel', 'EMMO_DATAMODELALT']",True,2023-03-07 10:35:24.127764,https://raw.githubusercontent.com/ebrahimnorouzi/mseo.github.io/master/Ontology_files/datamodel.ttl,EMMO_Datamodel,865ce4ed931bdc5248b86b0e48cea0e2b9f208840942651d16e656c829a8f21a,http://emmo.info/datamodel/0.0.2/metamodel,94.0,1.0,1.0,1.0,,8.0,47.0,,,,,,1.0,,,10.0,10.0,,2.0,32.0,12.0,,,239.0,100.0,14.0,13.0,11.0,0.0,13.0,0.0,97.0,,2.0,,,,,,,7.0,1.0,False,0.527,(1*impact+1*dashboard)/2,0.0,0.0,1.0,0.264,0.0,0.0,True,RDF/XML Syntax,,,,,,6.0,,,,,7.0,226.0,1.0,49.0,18.0,[],Missing registry license.,ERROR,PASS,0 invalid IRIs. The Ontology IRI is not valid.,fp3,ERROR,Version IRI does not resolve,ERROR,Missing domain (scope),ERROR,PASS,PASS,PASS,Missing usages,ERROR,Missing contact information,ERROR,PASS,Version IRI does not have date information,INFO,PASS,PASS,6 errors,ERROR,6.0,1.0,0.0,8.0,7.0,,1.0,1.0,,,1.0,2.0,,,11.0,,44.0,,,,,1.0,,,,,,,,,,,,,,,,,,,,,,,,,,,,,,,,,,,,,,,,,,,,,,owl2,ALCRIQ(D),false,AL,0,RDF/XML Syntax,0,false,28,http://emmo.info/datamodel#Dimension,['UseOfReservedVocabularyForAnnotationPropertyIRI 2'],['dc 6' 'owl 4' 'prefix_unknown 78' 'rdfs 15' 'skos 18' 'xsd 7'],['dc 6' 'owl 3' 'prefix_unknown 37' 'rdf 1' 'rdfs 3' 'skos 2' 'xsd 4']
12,12,True,"['emmo_atomistic', 'EMMO_ATOMISTICALT']",True,2023-03-07 10:35:31.901304,https://raw.githubusercontent.com/emmo-repo/domain-atomistic/master/atomistic.ttl,EMMO_atomistic,e71cf7ad29c10dfd425d79bbc7eeec01ca4682e996f9b1c07d8f325f39fec674,http://emmo.info/0.0.1/domain-atomistic,1921.0,,18.0,15.0,1.0,2.0,609.0,,1.0,,68.0,8.0,16.0,,,23.0,30.0,,22.0,884.0,55.0,8.0,9.0,3745.0,100.0,35.0,533.0,3.0,1.0,46.0,0.0,2537.0,129.0,60.0,5.0,5.0,1.0,9.0,,,121.0,13.0,False,0.504,(1*impact+1*dashboard)/2,0.0,0.0,1.0,0.252,0.0,0.0,True,Turtle,,,,,,6.0,,,,,34.0,4165.0,109.0,325.0,31.0,[],Missing ontology license. Missing registry license.,ERROR,WARN,0 invalid IRIs. The Ontology IRI is not valid.,fp3,ERROR,Version IRI does not resolve,ERROR,Missing domain (scope),ERROR,PASS,PASS,PASS,Missing usages,ERROR,Missing contact information,ERROR,PASS,Version IRI does not have date information,INFO,PASS,PASS,6 errors,ERROR,6.0,1.0,1.0,1.0,2.0,,9.0,5.0,,"OWL syntax (Turtle), but should be RDF/XML",28.0,2.0,,3.0,3.0,4.0,646.0,,1.0,,,,7.0,,,,,,,,,,,,,,,,,,,,,,,,,,,,,,,,,,,,,,,,,,,,,owl2,SROIQ(D),false,AL,0,Turtle,0,false,19,http://emmo.info/emmo#EMMO_31ec09ba_1713_42cb_83c7_b38bf6f9ced2,['UseOfReservedVocabularyForAnnotationPropertyIRI 16'],['prefix_unknown 76' 'rdf 1' 'rdfs 1' 'skos 11'],['dc 6' 'owl 8' 'prefix_unknown 597' 'rdf 1' 'rdfs 4' 'skos 3' 'xsd 6']
13,13,True,"['emmo_crystallography', 'EMMO_CRYSTALLOGRAPHYALT']",True,2023-03-07 10:35:17.330587,https://raw.githubusercontent.com/emmo-repo/domain-crystallography/master/crystallography.ttl,EMMO_crystallography,ba194d6a152b2103d8ca4f6d2980961870b581a8d2a1d4bcf02ab46cb3805503,http://emmo.info/domain-crystallography/0.0.1/crystallography,9482.0,2.0,20.0,16.0,1.0,2.0,1896.0,,2.0,,68.0,8.0,17.0,,,22.0,30.0,,25.0,3325.0,55.0,8.0,10.0,15143.0,100.0,42.0,1806.0,9.0,1.0,47.0,0.0,9700.0,135.0,162.0,6.0,31.0,1.0,10.0,,,253.0,13.0,False,0.549,(1*impact+1*dashboard)/2,0.0,0.0,1.0,0.275,0.0,0.0,True,Turtle,,,,,,6.0,,,,,53.0,15530.0,115.0,1396.0,42.0,[],Missing registry license.,ERROR,WARN,0 invalid IRIs. The Ontology IRI is not valid.,fp3,ERROR,Version IRI 'http://emmo.info/domain-crystallography/0.0.1/crystallography' is not in recommended format,WARN,Missing domain (scope),ERROR,PASS,PASS,PASS,Missing usages,ERROR,Missing contact information,ERROR,PASS,Version IRI does not have date information,INFO,PASS,PASS,5 errors,ERROR,5.0,1.0,2.0,6.0,7.0,,9.0,6.0,,"OWL syntax (Turtle), but should be RDF/XML",116.0,2.0,,3.0,9.0,4.0,4123.0,,1.0,,,894.0,7.0,,,,,,,,,,,,,,,,,,,,,,,,,,,,,,,,,,,,,,,,,,,,,owl2,SROIQ(D),false,AL,0,Turtle,0,true,106,http://emmo.info/emmo#EMMO_2ff07b07_c447_490f_903a_f6a72a12d7bf,"['InsufficientOperands 2'
 'UseOfReservedVocabularyForAnnotationPropertyIRI 31']",['dc 2' 'owl 16' 'prefix_unknown 441' 'rdf 7' 'rdfs 19' 'skos 47'],['dc 6' 'owl 8' 'prefix_unknown 1884' 'rdf 1' 'rdfs 4' 'skos 3' 'xsd 7']
14,14,True,"['emmo_mappings', 'EMMO_MAPPINGSALT']",True,2023-03-07 10:35:28.036527,https://raw.githubusercontent.com/emmo-repo/domain-mappings/master/mappings.ttl,EMMO_mappings,c5292bb186b6d059c71a7705fb06d6976c63f435d13b44cfdf8ec6f128f29987,http://emmo.info/domain-mappings/0.0.1,1915.0,1.0,19.0,15.0,5.0,4.0,613.0,,1.0,,67.0,8.0,16.0,,2.0,24.0,32.0,,23.0,876.0,57.0,8.0,9.0,3754.0,100.0,36.0,528.0,5.0,5.0,48.0,0.0,2523.0,128.0,60.0,5.0,5.0,1.0,9.0,,,118.0,13.0,False,0.504,(1*impact+1*dashboard)/2,0.0,0.0,1.0,0.252,0.0,0.0,True,Turtle,,,,,,6.0,,,,,38.0,4170.0,108.0,332.0,34.0,[],Missing registry license.,ERROR,WARN,0 invalid IRIs. The Ontology IRI is not valid.,fp3,ERROR,Version IRI does not resolve,ERROR,Missing domain (scope),ERROR,PASS,PASS,PASS,Missing usages,ERROR,Missing contact information,ERROR,PASS,Version IRI does not have date information,INFO,PASS,PASS,6 errors,ERROR,6.0,1.0,1.0,3.0,4.0,,9.0,5.0,,"OWL syntax (Turtle), but should be RDF/XML",28.0,2.0,,3.0,4.0,4.0,645.0,,1.0,,,,7.0,,,,,,,,,,,,,,,,,,,,,,,,,,,,,,,,,,,,,,,,,,,,,owl2,SROIQ(D),false,AL,0,Turtle,4,false,27,http://emmo.info/domain-mappings#KnowledgeModel,['UseOfReservedVocabularyForAnnotationPropertyIRI 16'],['owl 4' 'prefix_unknown 81' 'rdfs 8' 'skos 10' 'xsd 3'],['dc 6' 'owl 8' 'prefix_unknown 601' 'rdf 1' 'rdfs 4' 'skos 3' 'xsd 6']
15,15,True,"['emmo_mechanical_testing', 'EMMO_MECHANICAL_TESTINGALT']",True,2023-03-07 10:32:16.214134,https://raw.githubusercontent.com/ebrahimnorouzi/mseo.github.io/master/Ontology_files/emmo-mechanical-testing.owl,EMMO_mechanical_testing,3e3df20aa79b0940c0624e530d66ac6417009ff174ec60b158f956939a1e832d,http://emmo.info/emmo/domain/mechanical-testing/1.0.0,2538.0,,30.0,20.0,1.0,4.0,964.0,,2.0,,79.0,,20.0,,,29.0,32.0,,37.0,1357.0,63.0,14.0,16.0,5257.0,100.0,52.0,851.0,7.0,2.0,61.0,0.0,3809.0,157.0,58.0,5.0,42.0,2.0,24.0,2.0,,208.0,13.0,False,0.527,(1*impact+1*dashboard)/2,0.0,0.0,1.0,0.264,0.0,0.0,True,RDF/XML Syntax,,,,,,6.0,,,,,29.0,5655.0,136.0,666.0,44.0,[],Missing registry license.,ERROR,PASS,0 invalid IRIs. The Ontology IRI is not valid.,fp3,ERROR,Version IRI does not resolve,ERROR,Missing domain (scope),ERROR,PASS,PASS,PASS,Missing usages,ERROR,Missing contact information,ERROR,PASS,Version IRI does not have date information,INFO,PASS,PASS,6 errors,ERROR,6.0,1.0,0.0,5.0,4.0,,4.0,8.0,,,27.0,3.0,,3.0,5.0,10.0,987.0,,,,,,,,,,,,,,,,,,,,,,,,,,,,,,,,,,,,,,,,,,,,,,,,,,,,SROIQ(D),false,AL,0,RDF/XML Syntax,3,true,725,http://emmo.info/emmo/domain/mechanical-testing#EMMO_926d14c7_4f78_4c37_99b4_dfb0a531db64,"['LexicalNotInLexicalSpace 20'
 'UseOfReservedVocabularyForAnnotationPropertyIRI 10']",['owl 4' 'prefix_unknown 1981' 'rdf 31' 'rdfs 288' 'skos 354' 'xsd 13'],['dc 6' 'owl 7' 'prefix_unknown 953' 'rdf 1' 'rdfs 4' 'skos 3' 'xsd 7']
16,16,True,"['emmo_microstructure', 'EMMO_MICROSTRUCTUREALT']",True,2023-03-07 10:32:19.340946,https://raw.githubusercontent.com/ebrahimnorouzi/mseo.github.io/master/Ontology_files/emmo-microstructure.owl,EMMO_microstructure,d30a217f470ca02d13507c4e435ce7ae1f65aab1d72ba16f80a34a76be2d09f9,,622.0,,17.0,16.0,,2.0,274.0,,,,29.0,,16.0,,,22.0,30.0,,21.0,275.0,46.0,7.0,8.0,1406.0,100.0,34.0,219.0,3.0,1.0,47.0,0.0,894.0,8.0,18.0,5.0,5.0,1.0,5.0,,,64.0,12.0,False,0.467,(1*impact+1*dashboard)/2,0.0,0.0,1.0,0.234,0.0,0.0,True,RDF/XML Syntax,,,,,,6.0,,,,,23.0,1474.0,8.0,217.0,10.0,[],Missing ontology license. Missing registry license.,ERROR,PASS,0 invalid IRIs. The Ontology IRI is not valid.,fp3,ERROR,Missing version IRI,ERROR,Missing domain (scope),ERROR,PASS,PASS,PASS,Missing usages,ERROR,Missing contact information,ERROR,PASS,Missing version IRI to check date,ERROR,PASS,PASS,7 errors,ERROR,7.0,0.0,0.0,1.0,1.0,,4.0,5.0,,,10.0,,,3.0,3.0,3.0,240.0,,,,,,,,,,,,,,,,,,,,,,,,,,,,,,,,,,,,,,,,,,,,,,,,,,,owl2,SROIQ(D),false,AL,0,RDF/XML Syntax,0,false,80,http://www.semanticweb.org/jesperf/ontologies/2019/11/untitled-ontology-9#EMMO_c790454f_fe29_4f79_98c5_a368cb890817,"['UseOfReservedVocabularyForAnnotationPropertyIRI 14'
 'UseOfUndeclaredAnnotationProperty 2' 'UseOfUndeclaredClass 36'
 'UseOfUndeclaredObjectProperty 29']",['owl 5' 'prefix_unknown 234' 'rdfs 53'],['dc 6' 'owl 6' 'prefix_unknown 285' 'rdf 1' 'rdfs 4' 'skos 3' 'xsd 6']
17,17,True,"['foaf', 'FOAFALT']",True,2023-03-07 10:34:44.438475,https://raw.githubusercontent.com/ESIPFed/toolmatch-ontology/master/v3/foaf.owl,FOAF,b0497b153c6ac034eb9acf220ff3852daee6d31d02d9f9cdc39163528877d98a,,245.0,,,,,,75.0,,,,,4.0,,,,8.0,12.0,,,,12.0,,,393.0,14.63,10.0,1.0,27.0,0.0,42.0,0.0,20.0,,,,,,,,,,,False,0.333,(1*impact+1*dashboard)/2,0.367,0.0,0.146,0.35,0.0,22.0,True,RDF/XML Syntax,,,,,,,3.0,158.0,,,20.0,64.0,,205.0,,"['AMONTOLOGY', 'BWMD-DOMAIN', 'BWMD-MID', 'CCO', 'CHAMEO', 'IAO', 'LPBFO', 'MOL_TENSILE', 'MSEO', 'NanoMine', 'OA', 'OEO', 'OM', 'PATO', 'SEMMD', 'SSN', 'bmo', 'enanomapper', 'm4i', 'mvc', 'mwo', 'opmw']",Missing ontology license. Missing registry license.,ERROR,PASS,0 invalid IRIs. The Ontology IRI is not valid.,fp3,ERROR,Missing version IRI,ERROR,Missing domain (scope),ERROR,PASS,PASS,ERROR,Missing tracker and usages,ERROR,Missing contact information,ERROR,PASS,Missing version IRI to check date,ERROR,ERROR,PASS,9 errors,ERROR,9.0,0.0,0.0,21.0,,Missing tracker and usages,1.0,12.0,,,,3.0,,,,,,,,,,,,Homepage URL (http://www.foaf-project.org/) does not resolve,,,,,,,,,,,,,,,,,,,,,,,,,,,,,,,,,,,,,,,,,,,,owl2,ALHIF(D),false,AL,0,RDF/XML Syntax,41,false,73,,['IllegalPunning 23' 'UseOfUndeclaredObjectProperty 5'],['dc11 3' 'foaf 158' 'owl 20' 'prefix_unknown 64' 'rdfs 205'],['dc11 3' 'foaf 70' 'owl 1' 'prefix_unknown 3' 'rdf 1' 'rdfs 4']
18,18,True,"['gpo', 'GPOALT']",True,2023-03-07 10:35:12.969290,https://raw.githubusercontent.com/General-Process-Ontology/ontology/master/GPO_inferred.ttl,GPO,566b85a92ea6429fe8edef1ff62dd39e1c85617ef22deaa337a32049901fd66b,,2532.0,,,7.0,3.0,4.0,1077.0,,3.0,,98.0,11.0,14.0,,,52.0,59.0,,,2207.0,115.0,11.0,6.0,6249.0,100.0,29.0,963.0,5.0,1.0,86.0,0.0,5450.0,494.0,46.0,5.0,5.0,1.0,16.0,,,336.0,35.0,False,0.444,(1*impact+1*dashboard)/2,0.0,0.0,1.0,0.222,0.0,0.0,True,Turtle,,,,,,6.0,,,,,29.0,7964.0,120.0,305.0,387.0,[],Missing registry license.,ERROR,WARN,0 invalid IRIs. The Ontology IRI is not valid.,fp3,ERROR,Missing version IRI,ERROR,Missing domain (scope),ERROR,PASS,PASS,PASS,Missing usages,ERROR,Missing contact information,ERROR,PASS,Missing version IRI to check date,ERROR,PASS,PASS,7 errors,ERROR,7.0,0.0,1.0,3.0,1.0,,,5.0,,"OWL syntax (Turtle), but should be RDF/XML",36.0,4.0,,3.0,3.0,4.0,1158.0,,1.0,,,,,,,,,,,,,,,,,,,,,,,,,,,,,,,,,,,,,,,,,,,,,,,,,owl2,SROIQ(D),false,D,0,Turtle,6,true,2640,http://emmo.info/emmo/domain/periodic-table#EMMO_36a32a8c-8307-5b09-adcb-bbaeb9e36b49,['UseOfReservedVocabularyForAnnotationPropertyIRI 17'],"['dc 6' 'owl 29' 'prefix_unknown 7964' 'rdf 120' 'rdfs 305' 'skos 1158'
 'xsd 387']",['dc 6' 'owl 6' 'prefix_unknown 1066' 'rdf 1' 'rdfs 4' 'skos 2' 'xsd 7']
19,19,True,"['iao', 'IAOALT']",True,2023-03-07 10:36:15.834797,http://purl.obolibrary.org/obo/iao.owl,IAO,0f2155ff11a9ee31df406edf1bce9b0651c460b1a7dbcdfeb3a45f67db1d9207,http://purl.obolibrary.org/obo/iao/2022-11-07/iao.owl,2777.0,,1.0,,20.0,4.0,410.0,2.0,21.0,,13.0,18.0,1.0,,,24.0,24.0,,7.0,344.0,26.0,,4.0,3718.0,100.0,72.0,264.0,4.0,20.0,53.0,0.0,1108.0,,6.0,3.0,1.0,,21.0,1.0,3.0,90.0,2.0,True,0.6,(1*impact+1*dashboard)/2,0.0,0.0,1.0,0.3,0.0,0.0,True,RDF/XML Syntax,348.0,3310.0,6.0,122.0,10.0,1.0,29.0,4.0,,33.0,29.0,1.0,2.0,508.0,4.0,[],Missing registry license.,ERROR,PASS,0 invalid IRIs. The Ontology IRI is not valid.,fp3,ERROR,,PASS,Missing domain (scope),ERROR,PASS,PASS,PASS,Missing usages,ERROR,Missing contact information,ERROR,PASS,,PASS,PASS,PASS,5 errors,ERROR,5.0,0.0,0.0,4.0,,,4.0,1.0,2.0,,,4.0,4.0,,6.0,,,,,,,,3.0,,1.0,22.0,74.0,16.0,,,,,,,,,,,,,,,,,,,,,,,,,,,,,,,,,,,,,,,,owl2_dl,SROIN(D),false,D,0,RDF/XML Syntax,3,true,519,http://purl.obolibrary.org/obo/IAO_0000626,[],"['APOLLO_SV 22' 'BFO 348' 'IAO 3310' 'OBI 74' 'OMO 6' 'PATO 16' 'RO 122'
 'UO 10' 'dc 1' 'dc11 29' 'foaf 4' 'oboInOwl 33' 'owl 29'
 'prefix_unknown 1' 'rdf 2' 'rdfs 508' 'xsd 4']","['APOLLO_SV 6' 'BFO 43' 'IAO 283' 'OBI 9' 'OMO 3' 'PATO 5' 'RO 25' 'UO 3'
 'dc 1' 'dc11 16' 'foaf 3' 'oboInOwl 8' 'owl 3' 'prefix_unknown 1' 'rdf 1'
 'rdfs 5' 'xsd 5']"
20,20,True,"['LPBFO', 'LPBFOALT']",True,2023-03-07 10:35:06.835289,https://raw.githubusercontent.com/ebrahimnorouzi/mseo.github.io/master/Ontology_files/LPBFO.owl,LPBFO,0d015a2265fe2a45682032a77b6c72708d6e73223e312f5a123e5b87adf7c9d4,https://gitlab.cc-asp.fraunhofer.de/EMI_datamanagement/LPBFO/-/raw/master/LPBFO.owl,1579.0,,,,,2.0,572.0,,22.0,,1.0,1.0,,,,8.0,14.0,,2.0,508.0,27.0,,,2757.0,100.0,29.0,509.0,12.0,0.0,28.0,0.0,1680.0,,,,,,,,,,,True,0.438,(1*impact+1*dashboard)/2,0.0,0.0,1.0,0.219,0.0,0.0,True,RDF/XML Syntax,272.0,428.0,,,,1.0,2.0,2.0,,,12.0,1634.0,,1214.0,10.0,[],Missing ontology license. Missing registry license.,ERROR,PASS,0 invalid IRIs. The Ontology IRI is not valid.,fp3,ERROR,Version IRI 'https://gitlab.cc-asp.fraunhofer.de/EMI_datamanagement/LPBFO/-/raw/master/LPBFO.owl' is not in recommended format,WARN,Missing domain (scope),ERROR,PASS,PASS,ERROR,Missing tracker and usages,ERROR,Missing contact information,ERROR,PASS,Version IRI does not have date information,INFO,ERROR,PASS,7 errors,ERROR,7.0,1.0,1.0,10.0,11.0,Missing tracker and usages,,,,,,,,,,,,,,,,,,Missing homepage,,,,,,,,,,,,,,,,,,,,,,,,,,,,,,,,,,,,,,,,,,,,owl2_dl,ALCHI(D),false,AL,0,RDF/XML Syntax,0,true,151,https://www.materials.fraunhofer.de/ontologies/BWMD_ontology/mid#BWMD_00008,[],['BFO 24' 'IAO 2' 'prefix_unknown 444' 'rdfs 344'],"['BFO 37' 'IAO 13' 'dc 1' 'dc11 2' 'foaf 2' 'owl 4' 'prefix_unknown 515'
 'rdf 1' 'rdfs 4' 'xsd 7']"
21,21,True,"['mambo', 'MAMBOALT']",True,2023-03-07 10:35:51.327640,https://raw.githubusercontent.com/daimoners/MAMBO/master/mambo_core.owl,MAMBO,452059875cfdcd0c43dd914f268c162bbe95bddd38dc24f3cfafbb411d355afc,,,,,,21.0,32.0,111.0,,17.0,,,4.0,,,18.0,22.0,24.0,,,15.0,7.0,,3.0,366.0,100.0,0.0,31.0,38.0,21.0,23.0,0.0,219.0,,,,,,1.0,,,1.0,14.0,True,0.467,(1*impact+1*dashboard)/2,0.0,0.0,1.0,0.234,0.0,0.0,True,RDF/XML Syntax,,,,,,,,,,,25.0,611.0,7.0,,67.0,[],Missing ontology license. Missing registry license.,ERROR,PASS,0 invalid IRIs. The Ontology IRI is not valid.,fp3,ERROR,Missing version IRI,ERROR,Missing domain (scope),ERROR,PASS,PASS,PASS,Missing usages,ERROR,Missing contact information,ERROR,PASS,Missing version IRI to check date,ERROR,PASS,PASS,7 errors,ERROR,7.0,0.0,0.0,26.0,18.0,,,,,,,4.0,,,4.0,,,44.0,,,,,,,,,,,,,,,,,,,,,,,,,,,,,,,,,,,,,,,,,,,,,,,,,,owl2_dl,SHIQ(D),false,D,0,RDF/XML Syntax,25,false,255,file:/home/fabio/Projects/MAMBO/mambo.owl#MolecularSystem,[],['owl 25' 'prefix_unknown 611' 'rdf 7' 'xsd 67'],['owl 2' 'prefix_unknown 111' 'rdf 1' 'xsd 6']
22,22,True,"['mdo', 'MDOALT']",True,2023-03-07 10:36:00.619966,https://raw.githubusercontent.com/LiUSemWeb/Materials-Design-Ontology/master/mdo-full.owl,MDO,f5de875133bebabbaa2020fe56887b91b9ff0b5651f1ecd09e699b5bb8e427d3,https://w3id.org/mdo/full/1.1/,177.0,,,,2.0,30.0,113.0,,1.0,,,,,,,26.0,29.0,,,49.0,,,,458.0,100.0,12.0,37.0,32.0,2.0,32.0,0.0,219.0,,19.0,,15.0,,19.0,,,11.0,5.0,True,0.571,(1*impact+1*dashboard)/2,0.0,0.0,1.0,0.285,0.0,0.0,True,RDF/XML Syntax,,,,,,5.0,,,,,,437.0,1.0,177.0,47.0,[],Missing registry license.,ERROR,PASS,0 invalid IRIs. The Ontology IRI is not valid.,fp3,ERROR,Version IRI 'https://w3id.org/mdo/full/1.1/' is not in recommended format,WARN,Missing domain (scope),ERROR,PASS,PASS,PASS,Missing usages,ERROR,Missing contact information,ERROR,PASS,Version IRI does not have date information,INFO,PASS,PASS,5 errors,ERROR,5.0,1.0,1.0,31.0,,,,,,,,,,,14.0,,,,,,,2.0,,,,,,,13.0,,,,,,,,,,,,,,,,,,,,,,,,,,,,,,,,,,,,,,,owl2_dl,ALCQ(D),false,AL,0,RDF/XML Syntax,0,false,0,,[],['dc 5' 'prefix_unknown 2'],['dc 5' 'owl 1' 'prefix_unknown 101' 'prov 4' 'rdf 2' 'rdfs 3' 'xsd 7']
23,23,True,"['MOL_TENSILE', 'MOL_TENSILEALT']",True,2023-03-07 10:35:03.604226,https://raw.githubusercontent.com/ebrahimnorouzi/mseo.github.io/master/Ontology_files/mol_tensile_test.owl,MOL_TENSILE,75270bf4e235acf81cb73ad9b9e9eaed49b3aa1901d0e286122814bb8fdd2f85,https://gitlab.cc-asp.fraunhofer.de/hart/matolab_mechanik/-/raw/master/mol_tt.owl,1354.0,,,,20.0,2.0,532.0,,21.0,,,1.0,,,,9.0,14.0,,2.0,386.0,83.0,,,2468.0,100.0,29.0,387.0,17.0,20.0,84.0,0.0,1331.0,,,,,,,,,,,True,0.416,(1*impact+1*dashboard)/2,0.0,0.0,1.0,0.208,0.0,0.0,True,Turtle,253.0,426.0,,,,1.0,2.0,2.0,,,23.0,1553.0,,987.0,27.0,[],Missing ontology license. Missing registry license.,ERROR,WARN,0 invalid IRIs. The Ontology IRI is not valid.,fp3,ERROR,Version IRI 'https://gitlab.cc-asp.fraunhofer.de/hart/matolab_mechanik/-/raw/master/mol_tt.owl' is not in recommended format,WARN,Missing domain (scope),ERROR,PASS,PASS,ERROR,Missing tracker and usages,ERROR,Missing contact information,ERROR,PASS,Version IRI does not have date information,INFO,ERROR,PASS,7 errors,ERROR,7.0,1.0,2.0,14.0,16.0,Missing tracker and usages,1.0,,,"OWL syntax (Turtle), but should be RDF/XML",,,,,,,,13.0,,,,,,Missing homepage,,,,,,,,,,,,,,,,,,,,,,,,,,,,,,,,,,,,,,,,,,,,owl2_dl,Error,false,Error,0,Error,Error,Error,127,Error,[],[],[]
24,24,True,"['mseo', 'MSEOALT']",True,2023-03-07 10:34:47.772207,https://raw.githubusercontent.com/Mat-O-Lab/MSEO/main/MSEO_mid.ttl,MSEO,2c1d973ae623e014ecf33ed3d8b7fab28be05b14f85be9ad6b4546e6ddc2b848,,8311.0,,,6.0,516.0,12.0,2313.0,,35.0,5.0,61.0,126.0,9.0,,823.0,133.0,144.0,,14.0,1688.0,214.0,14.0,13.0,15234.0,100.0,63.0,1595.0,30.0,504.0,287.0,0.0,5985.0,,10.0,,3.0,,21.0,,3.0,142.0,9.0,False,0.444,(1*impact+1*dashboard)/2,0.0,0.0,1.0,0.222,0.0,0.0,True,Turtle,650.0,612.0,,193.0,,1.0,5.0,2.0,,18.0,40.0,16803.0,,2586.0,755.0,[],Missing ontology license. Missing registry license.,ERROR,WARN,0 invalid IRIs. The Ontology IRI is not valid.,fp3,ERROR,Missing version IRI,ERROR,Missing domain (scope),ERROR,PASS,PASS,PASS,Missing usages,ERROR,Missing contact information,ERROR,PASS,Missing version IRI to check date,ERROR,PASS,PASS,7 errors,ERROR,7.0,0.0,1.0,16.0,10.0,,11.0,11.0,10.0,"OWL syntax (Turtle), but should be RDF/XML",,,,8.0,4.0,,,731.0,,4.0,,,4.0,,,,,,,,,,,,,,,,,,,,,,,,,,,,,,,,,,,,,,,,,,,,,owl2,SROIN(D),false,AL,0,Turtle,6,true,233,http://www.ontologyrepository.com/CommonCoreOntologies/MeasurementArtifactFunction,['UseOfUndeclaredAnnotationProperty 7'],['BFO 27' 'IAO 21' 'RO 2' 'owl 35' 'prefix_unknown 720' 'rdfs 251' 'xsd 7'],"['BFO 43' 'IAO 14' 'RO 28' 'dc 2' 'dc11 3' 'foaf 2' 'oboInOwl 2' 'owl 6'
 'prefix_unknown 2376' 'rdf 1' 'rdfs 5' 'xsd 8']"
25,25,True,"['matonto', 'MATONTOALT']",True,2023-03-07 10:35:35.250822,https://raw.githubusercontent.com/inovexcorp/MatOnto-Ontologies/master/matonto-release.ttl,MatOnto,d91cb6aa57c37be0f552e6b327b26e8a638ab9a87d147eeadff5cdb4293f5fe5,,1841.0,,,,125.0,,1074.0,,163.0,,282.0,30.0,,,195.0,68.0,73.0,17.0,,1190.0,74.0,16.0,15.0,5235.0,100.0,17.0,848.0,13.0,131.0,83.0,0.0,5142.0,144.0,96.0,,20.0,,394.0,10.0,,489.0,66.0,False,0.444,(1*impact+1*dashboard)/2,0.0,0.0,1.0,0.222,0.0,0.0,True,Turtle,,,,,,,7.0,,,,5.0,7332.0,19.0,1771.0,193.0,[],Missing ontology license. Missing registry license.,ERROR,WARN,0 invalid IRIs. The Ontology IRI is not valid.,fp3,ERROR,Missing version IRI,ERROR,Missing domain (scope),ERROR,PASS,PASS,PASS,Missing usages,ERROR,Missing contact information,ERROR,PASS,Missing version IRI to check date,ERROR,PASS,PASS,7 errors,ERROR,7.0,0.0,1.0,10.0,3.0,,2.0,,,"OWL syntax (Turtle), but should be RDF/XML",1.0,3.0,,,,4.0,23.0,53.0,,,,,,,,,,,,,,,,,,,,,,,,,,,,,,,,,,,,,,,,,,,,,,,,,,owl2,SHOIQ(D),false,D,0,Turtle,4,true,2320,http://ontology.dumontierlab.com/Reactant,['UseOfUndeclaredAnnotationProperty 154'],"['dc11 7' 'owl 5' 'prefix_unknown 7332' 'rdf 19' 'rdfs 1771' 'skos 23'
 'xsd 193']",['dc11 10' 'owl 3' 'prefix_unknown 1075' 'rdf 1' 'rdfs 3' 'skos 1' 'xsd 2']
26,26,True,"['materialsmine', 'MATERIALSMINEALT']",True,2023-03-07 10:35:44.704900,https://raw.githubusercontent.com/materialdigital/core-ontology/main/pmdco_core.ttl,MaterialsMine,599abc0d28c2b375e794d1ba44795805502fb2c3e02cc125eb94777ac5499f97,,159.0,,,,,35.0,90.0,,,,,1.0,,,,26.0,26.0,,,13.0,12.0,,,427.0,100.0,4.0,26.0,39.0,0.0,27.0,0.0,164.0,,,,,,,,,,23.0,False,0.444,(1*impact+1*dashboard)/2,0.0,0.0,1.0,0.222,0.0,0.0,True,Turtle,,,,,,,,,,,2.0,434.0,1.0,174.0,19.0,[],Missing ontology license. Missing registry license.,ERROR,WARN,0 invalid IRIs. The Ontology IRI is not valid.,fp3,ERROR,Missing version IRI,ERROR,Missing domain (scope),ERROR,PASS,PASS,PASS,Missing usages,ERROR,Missing contact information,ERROR,PASS,Missing version IRI to check date,ERROR,PASS,PASS,7 errors,ERROR,7.0,0.0,1.0,35.0,30.0,,,,,"OWL syntax (Turtle), but should be RDF/XML",,,,,,,,,,,,,,,,,,,,,,,,,,,,,,,,,,,,,,,,,,,,,,,,,,,,,,,,,,owl2,ALUHI(D),false,AL,0,Turtle,17,false,178,https://material-digital.de/pmdco/Process,['UseOfUndeclaredAnnotationProperty 1'],['owl 2' 'prefix_unknown 434' 'rdf 1' 'rdfs 174' 'xsd 19'],['dc11 1' 'owl 3' 'prefix_unknown 90' 'rdf 1' 'rdfs 3' 'xsd 6']
27,27,True,"['npo', 'NPOALT']",True,2023-03-07 10:35:41.694148,https://raw.githubusercontent.com/sobolevnrm/npo/master/npo-asserted.owl,NPO,f10c4a23773c793696737aabf33aa51d3de0916199852b6b79b2d339c25e1a1c,,11343.0,,7.0,,,,2014.0,,12277.0,,395.0,2.0,,,,16.0,19.0,,,2781.0,64.0,,4.0,28924.0,100.0,24.0,1906.0,22.0,0.0,65.0,0.0,33527.0,111.0,125.0,,1.0,,470.0,,,1478.0,88.0,False,0.467,(1*impact+1*dashboard)/2,0.0,0.0,1.0,0.234,0.0,0.0,True,RDF/XML Syntax,,,,,,,10.0,,,,2.0,44743.0,,2110.0,112.0,[],Missing ontology license. Missing registry license.,ERROR,PASS,0 invalid IRIs. The Ontology IRI is not valid.,fp3,ERROR,Missing version IRI,ERROR,Missing domain (scope),ERROR,PASS,PASS,PASS,Missing usages,ERROR,Missing contact information,ERROR,PASS,Missing version IRI to check date,ERROR,PASS,PASS,7 errors,ERROR,7.0,0.0,0.0,1.0,,,,,,,,1.0,,,,,,,,,,,,,,,,,,,,,,,,,,,,,,,,,,,,,,,,,,,,,,,,,,,,,,,,owl2,SHIN(D),false,D,0,RDF/XML Syntax,0,true,15560,http://purl.org/obo/owl/CHEBI#CHEBI_27601,['IllegalPunning 9243'],['dc11 10' 'owl 2' 'prefix_unknown 44743' 'rdfs 2110' 'xsd 112'],['dc11 6' 'owl 2' 'prefix_unknown 2007' 'rdf 2' 'rdfs 2' 'xsd 2']
28,28,True,"['nanomine', 'NANOMINEALT']",True,2023-03-07 10:36:03.853220,https://raw.githubusercontent.com/ebrahimnorouzi/mseo.github.io/master/Ontology_files/nanomine.ttl,NanoMine,04100d0779c9c8bf00a831ceb64133f99242287c3fa68cd876d3f7adb5060b0f,,6566.0,,,2.0,48.0,36.0,2161.0,,82.0,,53.0,86.0,3.0,,,63.0,62.0,,,2264.0,237.0,35.0,28.0,11829.0,100.0,41.0,1798.0,56.0,34.0,267.0,0.0,6933.0,3.0,41.0,7.0,27.0,54.0,92.0,28.0,,419.0,67.0,False,0.444,(1*impact+1*dashboard)/2,0.0,0.0,1.0,0.222,0.0,0.0,True,Turtle,,,,,,1788.0,25.0,36.0,,,27.0,9171.0,12.0,4143.0,16.0,[],Missing ontology license. Missing registry license.,ERROR,WARN,0 invalid IRIs. The Ontology IRI is not valid.,fp3,ERROR,Missing version IRI,ERROR,Missing domain (scope),ERROR,PASS,PASS,PASS,Missing usages,ERROR,Missing contact information,ERROR,PASS,Missing version IRI to check date,ERROR,PASS,PASS,7 errors,ERROR,7.0,0.0,1.0,36.0,26.0,,16.0,8.0,1.0,"OWL syntax (Turtle), but should be RDF/XML",,1.0,,2.0,,17.0,359.0,2.0,3.0,10.0,,2.0,,,,,,,23.0,8.0,,,,,,,,,,,,,,,,,,,,,,,,,,,,,,,,,,,,,,owl2,SROIQ(D),false,AL,0,Turtle,0,false,229,http://nanomine.tw.rpi.edu/ns/ThermalProperty,"['IllegalPunning 2' 'UseOfReservedVocabularyForClassIRI 10'
 'UseOfUndeclaredAnnotationProperty 252' 'UseOfUndeclaredClass 9'
 'UseOfUndeclaredObjectProperty 9']",['prefix_unknown 762' 'prov 23' 'rdfs 178' 'skos 133'],"['dc 28' 'dc11 5' 'foaf 12' 'owl 4' 'prefix_unknown 2132' 'prov 1' 'rdf 4'
 'rdfs 6' 'schema 1' 'skos 9' 'xsd 8']"
29,29,True,"['oa', 'OAALT']",True,2023-03-07 10:36:43.862265,http://www.w3.org/ns/oa.ttl,OA,f661e37d33bf29176390101687711734a7e33a716bdecfb66b90c732373d7af5,,204.0,6.0,,,20.0,5.0,21.0,,,,,,,,,6.0,8.0,,,14.0,,,,295.0,100.0,16.0,25.0,11.0,17.0,8.0,0.0,88.0,,,,,,,,,,,False,0.444,(1*impact+1*dashboard)/2,0.0,0.0,1.0,0.222,0.0,0.0,True,Turtle,,,,,,,,6.0,,,,135.0,,203.0,11.0,[],Missing ontology license. Missing registry license.,ERROR,WARN,0 invalid IRIs. The Ontology IRI is not valid.,fp3,ERROR,Missing version IRI,ERROR,Missing domain (scope),ERROR,PASS,PASS,PASS,Missing usages,ERROR,Missing contact information,ERROR,PASS,Missing version IRI to check date,ERROR,PASS,PASS,7 errors,ERROR,7.0,0.0,1.0,11.0,,,,,,"OWL syntax (Turtle), but should be RDF/XML",,,,,,,1.0,,,,,,,,,,,,,,,,,,,,,,,,,,,,,,,,,,,,,,,,,,,,,,,,,,,owl2,AL(D),true,AL,0,Turtle,0,false,64,http://www.w3.org/ns/oa#State,"['UseOfReservedVocabularyForClassIRI 2'
 'UseOfUndeclaredAnnotationProperty 15' 'UseOfUndeclaredClass 7'
 'UseOfUndeclaredDataProperty 16' 'UseOfUndeclaredObjectProperty 14']",['foaf 6' 'prefix_unknown 135' 'rdfs 203' 'skos 1' 'xsd 11'],"['dc 2' 'dc11 1' 'foaf 2' 'owl 1' 'prefix_unknown 64' 'prov 1' 'rdf 1'
 'rdfs 5' 'skos 1' 'xsd 3']"
30,30,True,"['obo', 'OBOALT']",True,2023-03-07 10:32:22.777341,https://raw.githubusercontent.com/BFO-ontology/BFO-2020/master/21838-2/owl/bfo-2020.owl,OBO,85fc03d4e5836f82d338df433b383eeacb414432943e66e82e9d2abcb455537f,http://purl.obolibrary.org/obo/bfo/2020/bfo.owl,478.0,,,,,,100.0,,10.0,,,20.0,,,,63.0,63.0,,,66.0,34.0,,11.0,854.0,100.0,10.0,36.0,0.0,0.0,64.0,0.0,347.0,,31.0,22.0,,,22.0,,,,26.0,False,0.571,(1*impact+1*dashboard)/2,0.1,0.0,1.0,0.335,0.0,6.0,True,RDF/XML Syntax,696.0,,,,,,100.0,,,,,,,100.0,,"['AMONTOLOGY', 'OEO', 'PATO', 'SEMMD', 'SP', 'UO', 'enanomapper']",License should use property 'http://purl.org/dc/terms/license'. Missing registry license.,ERROR,PASS,0 invalid IRIs. The Ontology IRI is not valid.,fp3,ERROR,Version IRI 'http://purl.obolibrary.org/obo/bfo/2020/bfo.owl' is not in recommended format,WARN,Missing domain (scope),ERROR,PASS,PASS,PASS,Missing usages,ERROR,Missing contact information,ERROR,PASS,Version IRI does not have date information,INFO,PASS,PASS,5 errors,ERROR,5.0,1.0,1.0,,,,8.0,1.0,,,,,,,,,278.0,,,,,,,,,,,,,,,,,,,,,,,,,,,,,,,,,,,,,,,,,,,,,,,,,,,owl2,SHIF,false,F,0,RDF/XML Syntax,0,true,276,http://purl.obolibrary.org/obo/BFO_0000038,['UseOfUndeclaredAnnotationProperty 406'],['BFO 696' 'dc11 100' 'rdfs 100' 'skos 278'],['BFO 100' 'dc11 3' 'rdf 1' 'rdfs 2' 'skos 5']
31,31,True,"['oeo', 'OEOALT']",True,2023-03-07 10:36:56.664784,http://openenergy-platform.org/ontology/oeo/releases/oeo.owl,OEO,de328a62048b6e722d6b33d37b008c61ae3c79f201d8f7c3e711f87a7be0ae9a,http://openenergy-platform.org/ontology/oeo/releases/1.13.0/oeo.omn,9187.0,1.0,1.0,1.0,237.0,1.0,1856.0,6.0,47.0,1.0,137.0,17.0,1.0,1.0,333.0,72.0,71.0,7.0,20.0,2365.0,99.0,1.0,2.0,14464.0,100.0,99.0,1416.0,1.0,220.0,118.0,0.0,7085.0,4.0,16.0,18.0,2.0,78.0,182.0,3.0,3.0,1082.0,61.0,False,0.571,(1*impact+1*dashboard)/2,0.0,0.0,1.0,0.285,0.0,0.0,True,RDF/XML Syntax,786.0,4798.0,6.0,528.0,1224.0,5.0,22.0,1.0,26.0,2366.0,25.0,8588.0,125.0,1989.0,6.0,[],Missing registry license.,ERROR,PASS,0 invalid IRIs. The Ontology IRI is not valid.,fp3,ERROR,Version IRI 'http://openenergy-platform.org/ontology/oeo/releases/1.13.0/oeo.omn' is not in recommended format,WARN,Missing domain (scope),ERROR,PASS,PASS,PASS,Missing usages,ERROR,Missing contact information,ERROR,PASS,Version IRI does not have date information,INFO,PASS,PASS,5 errors,ERROR,5.0,1.0,1.0,,,,,,,,,,,,,,,,,,,,,,,,,,,,,,,,,,,,,,,,,,,,,,,,,,,,,,,,,,,,,,,,,owl2,SROIQ(D),false,AL,0,RDF/XML Syntax,0,false,0,,"['UseOfNonSimplePropertyInCardinalityRestriction 1'
 'UseOfUndeclaredAnnotationProperty 2']",['BFO 19' 'IAO 5' 'RO 13' 'dc 2' 'dc11 2' 'rdf 1' 'rdfs 3'],"['BFO 42' 'IAO 90' 'OMO 3' 'RO 42' 'UO 378' 'dc 3' 'dc11 17' 'foaf 2'
 'obo 13' 'oboInOwl 18' 'owl 3' 'prefix_unknown 1242' 'rdf 1' 'rdfs 4'
 'xsd 5']"
32,32,True,"['om', 'OMALT']",True,2023-03-07 10:36:50.146235,https://raw.githubusercontent.com/HajoRijgersberg/OM/master/om-2.0.rdf,OM,01cb3550938ab3e698c9b352244e073fd7a33c6b3105e63ffe7f611c006d00f2,,8438.0,,,,1952.0,11.0,853.0,,,,231.0,,,,10226.0,23.0,20.0,,2.0,1108.0,,,,23751.0,100.0,39.0,815.0,11.0,2242.0,23.0,0.0,5322.0,3.0,400.0,,115.0,189.0,60.0,,172.0,,65.0,False,0.467,(1*impact+1*dashboard)/2,0.0,0.0,1.0,0.234,0.0,0.0,True,RDF/XML Syntax,,,,,,,51.0,34.0,,,65.0,44148.0,37.0,5296.0,851.0,[],Missing registry license.,ERROR,PASS,0 invalid IRIs. The Ontology IRI is not valid.,fp3,ERROR,Missing version IRI,ERROR,Missing domain (scope),ERROR,PASS,PASS,PASS,Missing usages,ERROR,Missing contact information,ERROR,PASS,Missing version IRI to check date,ERROR,PASS,PASS,7 errors,ERROR,7.0,0.0,0.0,10.0,,,3.0,,,,,2.0,,,3.0,,3.0,872.0,,,,,,,,,,,,,,,,,,,,,,,,,,,,,,,,,,,,,,,,,,,,,,,,,,owl2,ALCON(D),false,AL,0,RDF/XML Syntax,6,true,14458,http://www.ontology-of-units-of-measure.org/resource/om-2/LuminousFluxUnit,"['InsufficientOperands 10' 'UseOfReservedVocabularyForClassIRI 3'
 'UseOfUndeclaredAnnotationProperty 104' 'UseOfUndeclaredClass 36']","['dc11 51' 'foaf 34' 'owl 65' 'prefix_unknown 44148' 'rdf 37' 'rdfs 5296'
 'skos 3' 'xsd 851']","['dc 1' 'dc11 7' 'foaf 4' 'owl 2' 'prefix_unknown 3112' 'rdf 3' 'rdfs 3'
 'skos 1' 'xsd 4']"
33,33,True,"['osmo', 'OSMOALT']",True,2023-03-07 10:32:08.150561,http://www.molmod.info/semantics/osmo.ttl,OSMO,e123875a85536438e94f7fd3c9ead62b326575e2961e3f7fb4f5bee97ce92617,,360.0,,,,103.0,36.0,316.0,1.0,7.0,,18.0,8.0,,,74.0,133.0,136.0,,,282.0,180.0,,5.0,1786.0,100.0,12.0,173.0,46.0,116.0,152.0,0.0,1218.0,55.0,1.0,,6.0,4.0,17.0,,1.0,26.0,2.0,False,0.378,(1*impact+1*dashboard)/2,0.0,0.0,1.0,0.189,0.0,0.0,True,Turtle,,,,,,,,,,,8.0,2628.0,,262.0,120.0,[],Missing registry license.,ERROR,WARN,0 invalid IRIs. The Ontology IRI is not valid.,fp3,ERROR,Missing version IRI,ERROR,Missing domain (scope),ERROR,PASS,PASS,PASS,Missing tracker and usages,ERROR,Missing contact information,ERROR,PASS,Missing version IRI to check date,ERROR,ERROR,PASS,8 errors,ERROR,8.0,0.0,1.0,36.0,38.0,Missing tracker and usages,4.0,,3.0,"OWL syntax (Turtle), but should be RDF/XML",21.0,2.0,,,1.0,6.0,100.0,23.0,,,,2.0,,,1.0,,,,,,,,,,,,,,,,,,,,,,,,,,,,,,,,,,,,,,,,,,,owl2,SROIN(D),false,D,0,Turtle,0,true,1110,https://purl.vimmp.eu/semantics/osmo/osmo.ttl#logical_term,"['UseOfUndeclaredAnnotationProperty 123' 'UseOfUndeclaredClass 85'
 'UseOfUndeclaredDataProperty 33' 'UseOfUndeclaredObjectProperty 61']",['owl 8' 'prefix_unknown 2628' 'rdfs 262' 'skos 100' 'xsd 120'],['dc 7' 'owl 2' 'prefix_unknown 486' 'rdf 1' 'rdfs 2' 'skos 3' 'xsd 6']
34,34,True,"['P-Plan', 'P-PLANALT']",True,2023-03-07 10:36:40.856183,http://www.opmw.org/p-plan.owl,P-Plan,25e7d34a27ac4cd8609c0b56cc92821fd224a5c1f2fe1e83e0ee26a2dbbc8f73,,45.0,,,,1.0,,27.0,,,,,2.0,,,,9.0,9.0,,,4.0,,,1.0,101.0,100.0,13.0,11.0,0.0,1.0,9.0,0.0,37.0,,,,,,,,,,,False,0.4,(1*impact+1*dashboard)/2,0.0,0.0,1.0,0.2,0.0,0.0,True,RDF/XML Syntax,,,,,,4.0,,,,,1.0,67.0,,32.0,,[],Missing registry license.,ERROR,PASS,0 invalid IRIs. The Ontology IRI is not valid.,fp3,ERROR,Missing version IRI,ERROR,Missing domain (scope),ERROR,PASS,PASS,PASS,Missing tracker and usages,ERROR,Missing contact information,ERROR,PASS,Missing version IRI to check date,ERROR,ERROR,PASS,8 errors,ERROR,8.0,0.0,0.0,,,Missing tracker and usages,3.0,,,,,,,,,,,,,,,,,,,,,,22.0,,,,,,,,,,,,,,,,,,,,,,,,,,,,,,,,,,,,,,,owl2,ALIF+,false,AL,0,RDF/XML Syntax,1,false,29,http://www.w3.org/ns/prov#Bundle,['UseOfUndeclaredAnnotationProperty 3'],['dc 4' 'owl 1' 'prefix_unknown 67' 'prov 22' 'rdfs 32'],['dc 6' 'owl 2' 'prefix_unknown 18' 'prov 5' 'rdf 1' 'rdfs 3']
35,35,True,"['PATO', 'PATOALT']",True,2023-03-07 10:37:11.854419,http://purl.obolibrary.org/obo/pato.owl,PATO,2c226992af5b9da5ecb6b37eb14224bc19d3af767094f3b49cf558602dda126b,http://purl.obolibrary.org/obo/pato/releases/2023-02-17/pato.owl,96983.0,,,1.0,,,11151.0,,392.0,,6154.0,44.0,2.0,,,66.0,58.0,,86.0,23961.0,282.0,6.0,30.0,139364.0,74.37,216.0,10633.0,0.0,0.0,306.0,0.0,78659.0,,96.0,179.0,8.0,,6224.0,8.0,,16630.0,9.0,True,0.556,(1*impact+1*dashboard)/2,0.133,0.0,0.744,0.345,0.0,8.0,True,RDF/XML Syntax,5476.0,10677.0,,13199.0,,1107.0,51.0,376.0,2965.0,98989.0,1006.0,11.0,1390.0,12006.0,9.0,"['A', 'IAO', 'O', 'P', 'SEMMD', 'T', 'UO', 'enanomapper']",Missing registry license.,ERROR,PASS,0 invalid IRIs. The Ontology IRI is not valid.,fp3,ERROR,,PASS,Missing domain (scope),ERROR,WARN,PASS,PASS,Missing usages,ERROR,Missing contact information,ERROR,PASS,,PASS,PASS,WARN,5 errors,ERROR,5.0,0.0,2.0,,,,2.0,1.0,120.0,,,,25.0,,,,3.0,,,,,,,,,,2.0,8646.0,,,1.0,137.0,2.0,3088.0,5554.0,6.0,37430.0,2.0,1062.0,32.0,1416.0,2.0,21181.0,18 missing definitions. See ROBOT Report for details.,"21 warnings, 2 info messages.",robot_report,0.0,2.0,21.0,,,,,,,,,,,,,,,,,,,owl2,SRIQ,false,I,0,RDF/XML Syntax,0,true,31037,http://purl.obolibrary.org/obo/CHEBI_25213,['UseOfUndeclaredAnnotationProperty 4'],"['BFO 5463' 'BSPO 137' 'CARO 2' 'CHEBI 3093' 'CL 5475' 'ENVO 6' 'GO 37414'
 'IAO 10660' 'NBO 2' 'NCBITaxon 1062' 'OBI 2' 'PATO 8646' 'PCO 32'
 'PR 1327' 'RO 13101' 'SO 2' 'UBERON 21172' 'dc 1098' 'dc11 49' 'foaf 374'
 'obo 2963' 'oboInOwl 98869' 'owl 1006' 'prefix_unknown 11' 'rdf 322'
 'rdfs 11989' 'skos 3' 'xsd 1122']","['BFO 20' 'BSPO 16' 'CARO 1' 'CHEBI 451' 'CL 621' 'ENVO 3' 'GO 4286'
 'IAO 16' 'NBO 1' 'NCBITaxon 108' 'OBI 1' 'PATO 2860' 'PCO 8' 'PR 145'
 'RO 249' 'SO 1' 'UBERON 2122' 'dc 5' 'dc11 5' 'foaf 1' 'obo 160'
 'oboInOwl 53' 'owl 3' 'prefix_unknown 2' 'rdf 1' 'rdfs 4' 'skos 1'
 'xsd 5']"
36,36,True,"['pmdco', 'PMDALT']",True,2023-03-07 10:32:03.314299,https://raw.githubusercontent.com/materialdigital/core-ontology/main/pmdco_core.ttl,PMD,599abc0d28c2b375e794d1ba44795805502fb2c3e02cc125eb94777ac5499f97,,159.0,,,,,35.0,90.0,,,,,1.0,,,,26.0,26.0,,,13.0,12.0,,,427.0,100.0,4.0,26.0,39.0,0.0,27.0,0.0,164.0,,,,,,,,,,23.0,False,0.444,(1*impact+1*dashboard)/2,0.0,0.0,1.0,0.222,0.0,0.0,True,Turtle,,,,,,,,,,,2.0,434.0,1.0,174.0,19.0,[],Missing ontology license. Missing registry license.,ERROR,WARN,0 invalid IRIs. The Ontology IRI is not valid.,fp3,ERROR,Missing version IRI,ERROR,Missing domain (scope),ERROR,PASS,PASS,PASS,Missing usages,ERROR,Missing contact information,ERROR,PASS,Missing version IRI to check date,ERROR,PASS,PASS,7 errors,ERROR,7.0,0.0,1.0,35.0,30.0,,,,,"OWL syntax (Turtle), but should be RDF/XML",,,,,,,,,,,,,,,,,,,,,,,,,,,,,,,,,,,,,,,,,,,,,,,,,,,,,,,,,,owl2,ALUHI(D),false,AL,0,Turtle,17,false,178,https://material-digital.de/pmdco/Process,['UseOfUndeclaredAnnotationProperty 1'],['owl 2' 'prefix_unknown 434' 'rdf 1' 'rdfs 174' 'xsd 19'],['dc11 1' 'owl 3' 'prefix_unknown 90' 'rdf 1' 'rdfs 3' 'xsd 6']
37,37,True,"['prov', 'PROVOALT']",True,2023-03-07 10:35:09.818113,http://www.w3.org/ns/prov-o.owl,PROVO,02a4d7409ee3e1f697a04e4980d8d208a847cc7fa5180ca0d187540abb66919f,http://www.w3.org/ns/prov-o-20130430,678.0,,2.0,,,6.0,104.0,,4.0,,,3.0,,,2.0,45.0,41.0,,8.0,29.0,33.0,,,973.0,10.91,22.0,31.0,6.0,4.0,44.0,0.0,202.0,,,,,,,,,,6.0,False,0.504,(1*impact+1*dashboard)/2,0.117,0.0,0.109,0.31,0.0,7.0,True,RDF/XML Syntax,,,,,,,,,,,4.0,4.0,8.0,282.0,5.0,"['MDO', 'NanoMine', 'P-Plan', 'QUDT', 'bmo', 'm4i', 'opmw']",Missing ontology license. Missing registry license.,ERROR,PASS,0 invalid IRIs. The Ontology IRI is not valid.,fp3,ERROR,Version IRI 'http://www.w3.org/ns/prov-o-20130430' is not in recommended format,WARN,Missing domain (scope),ERROR,PASS,PASS,PASS,Missing tracker and usages,ERROR,Missing contact information,ERROR,PASS,Version IRI does not have date information,INFO,ERROR,PASS,6 errors,ERROR,6.0,1.0,1.0,5.0,,Missing tracker and usages,,,13.0,,,,,,,,,,,,,1.0,,,,,,,908.0,,,,,,,,,,,,,,,,,,,,,,,,,,,,,,,,,,,,,,,owl2,ALCRIN(D),false,AL,0,RDF/XML Syntax,1,false,181,http://www.w3.org/ns/prov#InstantaneousEvent,['IllegalPunning 9'],['owl 4' 'prefix_unknown 4' 'prov 908' 'rdf 8' 'rdfs 282' 'xsd 5'],['owl 2' 'prefix_unknown 3' 'prov 98' 'rdf 1' 'rdfs 4' 'xsd 2']
38,38,True,"['qudt', 'QUDTALT']",True,2023-03-07 10:36:47.118398,http://qudt.org/2.1/schema/qudt,QUDT,0b715689a7c374858deec0df03038fb9832dda2adffc27824a20e91b67a5fd38,http://qudt.org/2.1/schema/qudt,1319.0,,19.0,,53.0,2.0,359.0,,6.0,,12.0,20.0,,,9.0,9.0,53.0,,10.0,342.0,50.0,5.0,4.0,2486.0,100.0,58.0,143.0,102.0,80.0,147.0,0.0,829.0,,68.0,,4.0,,,11.0,9.0,,3.0,False,0.549,(1*impact+1*dashboard)/2,0.0,0.0,1.0,0.275,0.0,0.0,True,Turtle,,,,,,182.0,7.0,,,,86.0,1808.0,29.0,1115.0,191.0,[],Missing ontology license. Missing registry license.,ERROR,WARN,0 invalid IRIs. The Ontology IRI is not valid.,fp3,ERROR,Version IRI 'http://qudt.org/2.1/schema/qudt' is not in recommended format,WARN,Missing domain (scope),ERROR,PASS,PASS,PASS,Missing usages,ERROR,Missing contact information,ERROR,PASS,Version IRI does not have date information,INFO,PASS,PASS,5 errors,ERROR,5.0,1.0,2.0,77.0,10.0,,7.0,1.0,,"OWL syntax (Turtle), but should be RDF/XML",,7.0,,4.0,13.0,,172.0,111.0,,,,31.0,,,14.0,,,,1.0,,,,,,,,,,,,,,,,,,,,,1.0,61.0,,,,,,,,,,,,,,,,,owl2,SHOIQ(D),false,AL,0,Turtle,26,true,595,http://www.w3.org/2002/07/owl#Thing,"['DatatypeIRIAlsoUsedAsClassIRI 86' 'IllegalPunning 29'
 'UseOfReservedVocabularyForAnnotationPropertyIRI 30'
 'UseOfReservedVocabularyForClassIRI 29'
 'UseOfReservedVocabularyForObjectPropertyIRI 1'
 'UseOfUndeclaredAnnotationProperty 55' 'UseOfUndeclaredClass 89'
 'UseOfUndeclaredDatatype 2' 'UseOfUndeclaredObjectProperty 43']","['dc 113' 'dc11 2' 'owl 70' 'prefix_unknown 1424' 'prov 1' 'rdf 28'
 'rdfs 738' 'skos 4' 'xsd 130']","['dc 13' 'dc11 4' 'owl 8' 'prefix_unknown 466' 'prov 1' 'rdf 5' 'rdfs 8'
 'skos 32' 'xsd 20']"
39,39,True,"['qudv', 'QUDVALT']",True,2023-03-07 10:37:22.044549,https://raw.githubusercontent.com/ebrahimnorouzi/mseo.github.io/master/Ontology_files/sysml-qudv.owl,QUDV,8cc177d340a0eda317f9410ef8b8c7326bc7e135cea88eb97b1ee8b80ade7500,,52.0,,,9.0,,,48.0,,3.0,,18.0,1.0,5.0,,,,14.0,,,21.0,2.0,,,187.0,100.0,3.0,22.0,11.0,0.0,14.0,0.0,134.0,,5.0,,6.0,,10.0,,,6.0,1.0,True,0.333,(1*impact+1*dashboard)/2,0.0,0.0,1.0,0.167,0.0,0.0,True,RDF/XML Syntax,,,,,,,4.0,,,,13.0,240.0,,49.0,24.0,[],Missing ontology license. Missing registry license.,ERROR,PASS,0 invalid IRIs. The Ontology IRI is not valid.,fp3,ERROR,Missing version IRI,ERROR,Missing domain (scope),ERROR,PASS,PASS,ERROR,Missing tracker and usages,ERROR,Missing contact information,ERROR,PASS,Missing version IRI to check date,ERROR,ERROR,PASS,9 errors,ERROR,9.0,0.0,0.0,11.0,,Missing tracker and usages,,,,,,3.0,,,18.0,,,,,,,3.0,,Homepage URL (https://www.omgwiki.org/OMGSysML/doku.php?id=sysml-qudv:quantities_units_dimensions_values_qudv) does not resolve,,,,,,,,,,,,,,,,,,,,,,,,,,,8.0,,,,,,,,,,,,,,,,,owl2_dl,ALCRIQ(D),false,AL,0,RDF/XML Syntax,12,true,87,http://www.example.org/SysML-QUDV.owl#ConversionBasedUnit,[],['dc11 4' 'owl 13' 'prefix_unknown 240' 'rdfs 49' 'xsd 24'],['dc11 1' 'owl 1' 'prefix_unknown 46' 'rdf 1' 'rdfs 2' 'xsd 2']
40,40,True,"['saref', 'SAREFALT']",True,2023-03-07 10:36:32.820631,https://labs.etsi.org/rep/saref/saref-core/-/raw/develop-v3.1.1/ontology/saref.ttl,SAREF,4ec9aba7c21b084f627016bc609149cedf231899202f03377539cac2e4b676a3,https://saref.etsi.org/core/v3.1.1/,264.0,,,,10.0,,141.0,,4.0,,,7.0,,,,28.0,30.0,,,147.0,,,,631.0,100.0,15.0,81.0,5.0,10.0,35.0,0.0,447.0,,40.0,,2.0,,,7.0,,26.0,2.0,True,0.482,(1*impact+1*dashboard)/2,0.0,0.0,1.0,0.241,0.0,0.0,True,Turtle,,,,,,8.0,,,,,1.0,660.0,,266.0,1.0,[],Missing registry license.,ERROR,WARN,0 invalid IRIs. The Ontology IRI is not valid.,fp3,ERROR,Version IRI 'https://saref.etsi.org/core/v3.1.1/' is not in recommended format,WARN,Missing domain (scope),ERROR,PASS,PASS,PASS,Missing tracker and usages,ERROR,Missing contact information,ERROR,PASS,Version IRI does not have date information,INFO,ERROR,PASS,6 errors,ERROR,6.0,1.0,2.0,,,Missing tracker and usages,,,,"OWL syntax (Turtle), but should be RDF/XML",,,,1.0,1.0,,,,,,,,,,,,,,,,,,,,,,,,,,,,,,,,,,,,2.0,,,,,,,,,,,,,,,,,owl2_dl,ALCIQ(D),false,AL,0,Turtle,0,true,226,https://saref.etsi.org/core/OpenCloseState,[],['dc 8' 'owl 1' 'prefix_unknown 660' 'rdfs 266' 'xsd 1'],['dc 8' 'owl 2' 'prefix_unknown 133' 'rdf 1' 'rdfs 4' 'xsd 2']
41,41,True,"['semmd', 'SEMMDALT']",True,2023-03-07 10:35:38.506408,https://raw.githubusercontent.com/cpauloh/semmd/master/onto/v07_matl_prop_merged.ttl,SEMMD,2b97559ada331a34c2d94c3654502a25ece8550754b5bbc7c71e3a83b9d71a7c,http://www.linkedmodel.org/explore/1.2/schema/vaem,5238.0,1.0,13.0,,1815.0,4.0,848.0,2.0,22.0,,22.0,33.0,1.0,,2051.0,21.0,23.0,,4.0,955.0,48.0,2.0,5.0,14827.0,100.0,90.0,689.0,42.0,1254.0,108.0,0.0,4302.0,19.0,38.0,1.0,3.0,121.0,10.0,4.0,7.0,75.0,,False,0.504,(1*impact+1*dashboard)/2,0.0,0.0,1.0,0.252,0.0,0.0,True,Turtle,344.0,2884.0,,153.0,10.0,30.0,183.0,4.0,2.0,37.0,85.0,19365.0,2423.0,2286.0,1256.0,[],Missing ontology license. Missing registry license.,ERROR,WARN,0 invalid IRIs. The Ontology IRI is not valid.,fp3,ERROR,Version IRI does not resolve,ERROR,Missing domain (scope),ERROR,PASS,PASS,PASS,Missing usages,ERROR,Missing contact information,ERROR,PASS,Version IRI does not have date information,INFO,PASS,PASS,6 errors,ERROR,6.0,1.0,1.0,35.0,11.0,,9.0,1.0,2.0,"OWL syntax (Turtle), but should be RDF/XML",,8.0,,3.0,9.0,,546.0,3617.0,,,,6.0,36.0,,1.0,,57.0,6.0,,,,,,,,,,,,,,,,,,,,,,,17.0,3.0,,,,,,,,,,,,,,,,owl2,SROIN(D),false,D,0,Turtle,14,true,8723,http://purl.obolibrary.org/obo/IAO_0000629,"['DatatypeIRIAlsoUsedAsClassIRI 197' 'IllegalPunning 13'
 'UseOfReservedVocabularyForAnnotationPropertyIRI 5'
 'UseOfReservedVocabularyForClassIRI 19'
 'UseOfUndeclaredAnnotationProperty 607' 'UseOfUndeclaredClass 101'
 'UseOfUndeclaredDataProperty 4' 'UseOfUndeclaredDatatype 4'
 'UseOfUndeclaredObjectProperty 1']","['BFO 344' 'GAZ 3' 'IAO 2884' 'OBI 57' 'PATO 6' 'RO 153' 'UO 10' 'dc 30'
 'dc11 183' 'foaf 4' 'obo 2' 'oboInOwl 37' 'owl 85' 'prefix_unknown 19365'
 'rdf 2423' 'rdfs 2286' 'skos 546' 'xsd 1256']","['BFO 44' 'GAZ 1' 'IAO 237' 'OBI 8' 'PATO 2' 'RO 26' 'UO 3' 'dc 6'
 'dc11 25' 'foaf 2' 'obo 2' 'oboInOwl 8' 'owl 6' 'prefix_unknown 1803'
 'rdf 1' 'rdfs 6' 'skos 4' 'xsd 16']"
42,42,True,"['skos_mdo', 'SKOS_MDOALT']",True,2023-03-07 10:36:09.509508,https://data.nist.gov/od/ds/67C783D4BA814C8EE05324570681708A1899/NMRRVocab20210726.rdf,SKOS_MDO,4e9c7d4b3c6dd5781a9f26199d6356928c05300f693ac52c614a088b77bb42e9,,3491.0,,,,994.0,,,,,,,,,,,,,,,,,,,4485.0,100.0,19.0,2.0,0.0,994.0,0.0,0.0,994.0,,,,,,,,,,,False,0.4,(1*impact+1*dashboard)/2,0.0,0.0,1.0,0.2,0.0,0.0,True,RDF/XML Syntax,,,,,,524.0,9.0,,,,,994.0,,,,[],Missing ontology license. Missing registry license.,ERROR,PASS,0 invalid IRIs. The Ontology IRI is not valid.,fp3,ERROR,Missing version IRI,ERROR,Missing domain (scope),ERROR,PASS,PASS,PASS,Missing tracker and usages,ERROR,Missing contact information,ERROR,PASS,Missing version IRI to check date,ERROR,ERROR,PASS,8 errors,ERROR,8.0,0.0,0.0,,,Missing tracker and usages,,,,,,,,,,,3952.0,,,,,,,,,,,,,,,,,,,,,,,,,,,,,,,,,,,,,,,,,,,,,,,,,,,owl2,AL,true,AL,0,RDF/XML Syntax,0,false,994,,['UseOfUndeclaredAnnotationProperty 3491' 'UseOfUndeclaredClass 994'],['dc 524' 'dc11 9' 'prefix_unknown 994' 'skos 3952'],['dc 2' 'dc11 9' 'prefix_unknown 994' 'rdf 1' 'skos 10']
43,43,True,"['service', 'SOALT']",True,2023-03-07 10:32:31.403946,http://dini-ag-kim.github.io/service-ontology/service.owl,SO,6c4fd361d464c2b1a4745aff2a6cc518ba21fd906606829512a2067fc0565083,,41.0,,,,1.0,2.0,12.0,,,,,3.0,,,,6.0,6.0,,,2.0,,,,74.0,100.0,11.0,7.0,2.0,1.0,6.0,0.0,23.0,,,,,,,,,,,False,0.467,(1*impact+1*dashboard)/2,0.0,0.0,1.0,0.234,0.0,0.0,True,RDF/XML Syntax,,,,,,,,,,,,53.0,,41.0,1.0,[],Missing ontology license. Missing registry license.,ERROR,PASS,0 invalid IRIs. The Ontology IRI is not valid.,fp3,ERROR,Missing version IRI,ERROR,Missing domain (scope),ERROR,PASS,PASS,PASS,Missing usages,ERROR,Missing contact information,ERROR,PASS,Missing version IRI to check date,ERROR,PASS,PASS,7 errors,ERROR,7.0,0.0,0.0,1.0,,,,,,,,,,,,,,,,,,,,,,,,,,,,,,,,,,,,,,,,,,,,,,,,,,,,,,,,,,,,,,,,owl2,ALI(D),false,AL,0,RDF/XML Syntax,0,false,21,http://purl.org/dc/dcmitype/Service,['UseOfUndeclaredAnnotationProperty 7' 'UseOfUndeclaredClass 3'],['prefix_unknown 53' 'rdfs 41' 'xsd 1'],['cc 1' 'dc 4' 'owl 1' 'prefix_unknown 18' 'rdf 1' 'rdfs 3' 'xsd 1']
44,44,True,"['sp', 'SPALT']",True,2023-03-07 10:32:28.712974,http://vocab.linkeddata.es/SMARTProtocols/myDocumentation_SPdoc_18Abril2017/SmartProtocols_doc_V4.0.owl,SP,5ce7fd2e5caf483fbf0cd5d1f71d9d955ad6f6f8761df407aa98cdd4c5c058dc,,1781.0,,,,45.0,,494.0,,74.0,,1.0,2.0,,,62.0,33.0,25.0,,,475.0,4.0,,3.0,2999.0,100.0,18.0,399.0,0.0,45.0,43.0,0.0,1607.0,,5.0,,,,,,,72.0,1.0,False,0.467,(1*impact+1*dashboard)/2,0.0,0.0,1.0,0.234,0.0,0.0,True,RDF/XML Syntax,4.0,1068.0,,2.0,,8.0,,,22.0,,,1477.0,,780.0,,[],Missing registry license.,ERROR,PASS,0 invalid IRIs. The Ontology IRI is not valid.,fp3,ERROR,Missing version IRI,ERROR,Missing domain (scope),ERROR,PASS,PASS,PASS,Missing usages,ERROR,Missing contact information,ERROR,PASS,Missing version IRI to check date,ERROR,PASS,PASS,7 errors,ERROR,7.0,0.0,0.0,,,,,,,,,,,,,,,,,,,,,,,,60.0,,,,,,,241.0,27.0,,,,10.0,,,,12.0,,,,,,,,,,9.0,13.0,83.0,14.0,34.0,,,,,,,,,,,owl2,SHI,false,H,0,RDF/XML Syntax,0,true,724,http://purl.org/net/SMARTprotocol#MethodsSection,['UseOfUndeclaredAnnotationProperty 8'],"['BCGO 9' 'BFO 4' 'BTO 13' 'CHEBI 241' 'CL 27' 'CLO 83' 'ERO 14'
 'IAO 1068' 'NCBITaxon 10' 'OBI 60' 'PO 34' 'RO 2' 'UBERON 12' 'dc 8'
 'obo 22' 'prefix_unknown 1477' 'rdfs 780']","['BCGO 1' 'BFO 1' 'BTO 5' 'CHEBI 70' 'CL 7' 'CLO 28' 'ERO 4' 'IAO 13'
 'NCBITaxon 3' 'OBI 16' 'PO 12' 'RO 1' 'UBERON 6' 'dc 7' 'obo 4' 'owl 1'
 'prefix_unknown 323' 'rdf 1' 'rdfs 4' 'xsd 1']"
45,45,True,"['ssn', 'SSNALT']",True,2023-03-07 10:32:25.562750,https://raw.githubusercontent.com/w3c/sdw/gh-pages/ssn/integrated/sosa.ttl,SSN,c70b0d1c843c0047e4c98e0a89392e46a05752ff6365bda7f7f55303905a0392,,248.0,,,,2.0,,53.0,,,,,9.0,,,,,,,,,,,,313.0,100.0,17.0,16.0,2.0,1.0,21.0,0.0,18.0,,,,,,,,,,,True,0.378,(1*impact+1*dashboard)/2,0.0,0.0,1.0,0.189,0.0,0.0,True,Turtle,,,,,,6.0,,4.0,,,,61.0,,111.0,1.0,[],Missing registry license.,ERROR,WARN,0 invalid IRIs. The Ontology IRI is not valid.,fp3,ERROR,Missing version IRI,ERROR,Missing domain (scope),ERROR,PASS,PASS,PASS,Missing tracker and usages,ERROR,Missing contact information,ERROR,PASS,Missing version IRI to check date,ERROR,ERROR,PASS,8 errors,ERROR,8.0,0.0,1.0,1.0,,Missing tracker and usages,,,,"OWL syntax (Turtle), but should be RDF/XML",,,,,,,69.0,,,,,,,,,,,,,72.0,,,,,,,,,,,,,,,,,,,,,,,,,,,,,,,,,,,,,,owl2_rl,ALI(D),false,AL,0,Turtle,0,false,12,,[],"['dc 6' 'foaf 4' 'prefix_unknown 61' 'rdfs 111' 'schema 72' 'skos 69'
 'xsd 1']","['dc 6' 'foaf 2' 'prefix_unknown 41' 'rdf 1' 'rdfs 3' 'schema 2' 'skos 3'
 'xsd 1']"
46,46,True,"['uo', 'UOALT']",True,2023-03-07 10:36:53.173818,http://purl.obolibrary.org/obo/uo.owl,UO,bf88b575b24f76072c2adf2348da7a9bc594432e4aca0637c24c152dcf24dfd1,,1369.0,,,,,,885.0,,,,350.0,,,,,,,,,793.0,,,,3397.0,100.0,4.0,609.0,0.0,272.0,2.0,0.0,2705.0,,44.0,,,,78.0,,272.0,78.0,44.0,False,0.467,(1*impact+1*dashboard)/2,0.0,0.0,1.0,0.234,0.0,0.0,True,RDF/XML Syntax,,,,,3153.0,,,,124.0,,,415.0,,956.0,,[],Missing ontology license. Missing registry license.,ERROR,PASS,0 invalid IRIs. The Ontology IRI is not valid.,fp3,ERROR,Missing version IRI,ERROR,Missing domain (scope),ERROR,PASS,PASS,PASS,Missing usages,ERROR,Missing contact information,ERROR,PASS,Missing version IRI to check date,ERROR,PASS,PASS,7 errors,ERROR,7.0,0.0,0.0,,,,,,,,,,,,,,,,,,,,,,,,,96.0,,,,,,,,,,,,,,,,,,,,,,,,,,,,,,,,,,,,,,,,owl2,ALCO,false,AL,0,RDF/XML Syntax,0,false,1143,http://purl.obolibrary.org/obo/UO_1000281,['InsufficientOperands 40'],['PATO 96' 'UO 3153' 'obo 124' 'prefix_unknown 415' 'rdfs 956'],['PATO 48' 'UO 833' 'obo 2' 'prefix_unknown 2' 'rdfs 2' 'xsd 1']
47,47,True,"['wild', 'WILDALT']",True,2023-03-07 10:36:38.145483,https://databus.dbpedia.org/ontologies/purl.org/wild--vocab/2022.03.04-103146/wild--vocab_type=parsed.owl,WILD,79db205400a9ae3495cf1c2550d2bb3844916d4f3986294f53e35a7ecc81cf0c,,2.0,,,,10.0,,17.0,,4.0,,,,,,,13.0,13.0,,2.0,9.0,1.0,,1.0,73.0,100.0,8.0,19.0,1.0,10.0,13.0,0.0,78.0,,,,,,,,,,,False,0.4,(1*impact+1*dashboard)/2,0.0,0.0,1.0,0.2,0.0,0.0,True,RDF/XML Syntax,,,,,,,,,,,,119.0,2.0,2.0,1.0,[],Missing ontology license. Missing registry license.,ERROR,PASS,0 invalid IRIs. The Ontology IRI is not valid.,fp3,ERROR,Missing version IRI,ERROR,Missing domain (scope),ERROR,PASS,PASS,PASS,Missing tracker and usages,ERROR,Missing contact information,ERROR,PASS,Missing version IRI to check date,ERROR,ERROR,PASS,8 errors,ERROR,8.0,0.0,0.0,1.0,,Missing tracker and usages,,,,,,,,,,,,,,,,,,,,,,,,2.0,,,,,,,,,,,,,,,,,,,,,,,,,,,,,,,,,,,,,,owl2,SH(D),false,D,0,RDF/XML Syntax,0,false,52,http://purl.org/wild/vocab#Activity,"['IllegalPunning 6' 'UseOfReservedVocabularyForClassIRI 2'
 'UseOfUndeclaredAnnotationProperty 6' 'UseOfUndeclaredClass 6'
 'UseOfUndeclaredDataProperty 1' 'UseOfUndeclaredObjectProperty 25']",['prefix_unknown 119' 'rdf 2' 'rdfs 2' 'schema 2' 'xsd 1'],['foaf 1' 'prefix_unknown 43' 'rdf 2' 'rdfs 4' 'schema 2' 'xsd 1']
48,48,True,"['bmo', 'BMOALT']",True,2023-03-07 10:36:26.331995,https://raw.githubusercontent.com/ebrahimnorouzi/mseo.github.io/master/Ontology_files/BuildingMaterials.ttl,bmo,7a078e0d8dac52660796c59ee5694c00fb5b9760a0d9adbf3f64560e95231c7c,,612.0,,,,20.0,30.0,419.0,,51.0,1.0,14.0,39.0,,,,148.0,150.0,,,141.0,87.0,1.0,,1749.0,100.0,29.0,177.0,31.0,20.0,177.0,0.0,967.0,,,,,,,,,,14.0,False,0.378,(1*impact+1*dashboard)/2,0.0,0.0,1.0,0.189,0.0,0.0,True,Turtle,93.0,2.0,,,,9.0,10.0,2.0,,,10.0,1730.0,,399.0,23.0,[],Missing registry license.,ERROR,WARN,0 invalid IRIs. The Ontology IRI is not valid.,fp3,ERROR,Missing version IRI,ERROR,Missing domain (scope),ERROR,PASS,PASS,PASS,Missing tracker and usages,ERROR,Missing contact information,ERROR,PASS,Missing version IRI to check date,ERROR,ERROR,PASS,8 errors,ERROR,8.0,0.0,1.0,27.0,5.0,Missing tracker and usages,,,,"OWL syntax (Turtle), but should be RDF/XML",,,,,,,221.0,,,,,,2.0,,,,,,6.0,,,,,,,,,,,,,,,,,,,,,,,,,,,,,2.0,,,,,,,,,,owl2,Error,false,Error,0,Error,Error,Error,210,Error,"['UseOfReservedVocabularyForClassIRI 1' 'UseOfUndeclaredClass 10'
 'UseOfUndeclaredObjectProperty 1']",[],[]
49,49,True,"['enanomapper', 'ENANOMAPPERALT']",True,2023-03-07 10:35:48.172054,https://raw.githubusercontent.com/enanomapper/ontologies/master/enanomapper.owl,enanomapper,59731276af711562634de8a2abdaf082013ee449f12fd8b19b159af7703d5bc8,http://enanomapper.github.io/ontologies/releases/9.0/enanomapper.owl,124680.0,,134.0,,9.0,,22818.0,2.0,21.0,,292.0,,,,,,,,228.0,24611.0,43.0,,1.0,172860.0,100.0,737.0,21321.0,1.0,680.0,54.0,0.0,70987.0,,1.0,,,,20.0,,271.0,46.0,6.0,False,0.571,(1*impact+1*dashboard)/2,0.0,0.0,1.0,0.285,0.0,0.0,True,RDF/XML Syntax,98.0,55675.0,7.0,87.0,2810.0,62.0,912.0,8.0,722.0,20100.0,29.0,41390.0,30.0,28069.0,9.0,[],License should use property 'http://purl.org/dc/terms/license'. Missing registry license.,ERROR,PASS,0 invalid IRIs. The Ontology IRI is not valid.,fp3,ERROR,Version IRI 'http://enanomapper.github.io/ontologies/releases/9.0/enanomapper.owl' is not in recommended format,WARN,Missing domain (scope),ERROR,PASS,PASS,PASS,Missing usages,ERROR,Missing contact information,ERROR,PASS,Version IRI does not have date information,INFO,PASS,PASS,5 errors,ERROR,5.0,1.0,1.0,,,,1.0,,,,,1.0,,,,,6.0,,,,,,,,,,6584.0,469.0,,4.0,,,,1951.0,61.0,2405.0,6.0,,,,,,19.0,,,,,,,19.0,,1.0,,272.0,1286.0,,,,258.0,1.0,40.0,274.0,40176.0,57.0,72.0,21.0,,owl2,SHOF(D),false,AL,0,RDF/XML Syntax,0,false,0,,"['UseOfUndeclaredAnnotationProperty 183' 'UseOfUndeclaredClass 240'
 'UseOfUndeclaredObjectProperty 11']",[],"['BFO 8' 'BTO 44' 'CHEBI 568' 'CHMO 91' 'CL 6' 'CLO 430' 'ENVO 784'
 'GAZ 1' 'GENEPIO 1' 'GO 3' 'HP 7' 'IAO 66' 'NCIT 31' 'OAE 9085' 'OBA 27'
 'OBCS 23' 'OBI 1821' 'OMO 3' 'PATO 126' 'RO 26' 'STATO 10' 'UBERON 6'
 'UO 812' 'dc 14' 'dc11 17' 'foaf 4' 'obo 292' 'oboInOwl 99' 'owl 7'
 'prefix_unknown 8390' 'rdf 3' 'rdfs 5' 'schema 3' 'skos 5' 'xsd 12']"
50,50,True,"['m4i', 'M4IALT']",True,2023-03-07 10:37:29.763596,https://git.rwth-aachen.de/nfdi4ing/metadata4ing/metadata4ing/-/raw/develop/metadata4ing.ttl,m4i,7229e94eac7450ca1d55bf17953d74ab6a4b7c140b408d1780b52795fb712e2b,http://w3id.org/nfdi4ing/metadata4ing/1.0.0,668.0,,,,21.0,29.0,148.0,,1.0,,1.0,14.0,,,,41.0,35.0,,,37.0,19.0,,5.0,1061.0,100.0,35.0,31.0,32.0,21.0,56.0,0.0,203.0,,,,1.0,,,3.0,,4.0,3.0,False,0.482,(1*impact+1*dashboard)/2,0.0,0.0,1.0,0.241,0.0,0.0,True,Turtle,34.0,,,37.0,,15.0,,38.0,,,7.0,442.0,1.0,87.0,21.0,[],Missing registry license.,ERROR,WARN,0 invalid IRIs. The Ontology IRI is not valid.,fp3,ERROR,Version IRI 'http://w3id.org/nfdi4ing/metadata4ing/1.0.0' is not in recommended format,WARN,Missing domain (scope),ERROR,PASS,PASS,PASS,Missing tracker and usages,ERROR,Missing contact information,ERROR,PASS,Version IRI does not have date information,INFO,ERROR,PASS,6 errors,ERROR,6.0,1.0,2.0,31.0,9.0,Missing tracker and usages,,1.0,1.0,"OWL syntax (Turtle), but should be RDF/XML",,,,,8.0,,602.0,,,,,,,,,,,,39.0,,,,,,,,,,,,,,,,,,,,,,2.0,,,,,,,,,,,,,,,,,owl2_dl,SRIN(D),false,D,0,Turtle,6,false,245,http://purl.obolibrary.org/obo/BFO_0000015,[],"['BFO 36' 'RO 37' 'dc 15' 'foaf 42' 'owl 7' 'prefix_unknown 458' 'prov 42'
 'rdf 1' 'rdfs 87' 'skos 602' 'xsd 21']","['BFO 7' 'RO 9' 'dc 13' 'foaf 9' 'owl 2' 'prefix_unknown 116' 'prov 7'
 'rdf 1' 'rdfs 5' 'skos 10' 'xsd 5']"
51,51,True,"['mat', 'MATALT']",True,2023-03-07 10:37:44.801059,https://bimerr.iot.linkeddata.es/def/material-properties/ontology.ttl,mat,c7fffe8e3dc90ba232248c202f47885270ac377f868084b2c00e8ba23a771eeb,,202.0,,,,,,167.0,,,,,,,,,,,,,173.0,,,,549.0,100.0,10.0,140.0,8.0,0.0,13.0,0.0,459.0,,12.0,,2.0,,,4.0,,,,True,0.444,(1*impact+1*dashboard)/2,0.0,0.0,1.0,0.222,0.0,0.0,True,Turtle,,,,,,,5.0,,,,,533.0,,219.0,17.0,[],Missing ontology license. Missing registry license.,ERROR,WARN,0 invalid IRIs. The Ontology IRI is not valid.,fp3,ERROR,Missing version IRI,ERROR,,PASS,PASS,PASS,PASS,Missing tracker and usages,ERROR,Invalid contact information,ERROR,PASS,Missing version IRI to check date,ERROR,ERROR,PASS,7 errors,ERROR,7.0,0.0,1.0,7.0,,Missing tracker and usages,,,,"OWL syntax (Turtle), but should be RDF/XML",,,,9.0,6.0,,,,,,,,,,,,,,,,,,,,,,,,,,,,,,,,,,,,12.0,,,,,,,,,,,,,,,,,owl2_dl,ALQ(D),false,AL,0,Turtle,0,true,180,http://bimerr.iot.linkeddata.es/def/material-properties#FloorCoveringAndSkirtingBoard,[],['dc11 5' 'prefix_unknown 533' 'rdfs 219' 'xsd 17'],['dc11 5' 'owl 1' 'prefix_unknown 162' 'rdf 1' 'rdfs 4' 'xsd 3']
52,52,True,"['matinfo', 'MATINFOALT']",True,2023-03-07 10:35:57.151927,https://raw.githubusercontent.com/ebrahimnorouzi/mseo.github.io/master/Ontology_files/matinfo/OML-MaterialInformation.owl,matinfo,3cd05e5edfcaae86c8418c4c0514e6fa489b3ba5584e7885b9713dc2f42378f3,,104.0,1.0,,,479.0,62.0,704.0,,,,,,,,22.0,31.0,30.0,,,597.0,,,,2056.0,100.0,3.0,606.0,66.0,488.0,31.0,0.0,2405.0,,,,,,,,,,3.0,False,0.333,(1*impact+1*dashboard)/2,0.0,0.0,1.0,0.167,0.0,0.0,True,RDF/XML Syntax,,,,,,,,,,,,3214.0,,104.0,26.0,[],Missing ontology license. Missing registry license.,ERROR,PASS,0 invalid IRIs. The Ontology IRI is not valid.,fp3,ERROR,Missing version IRI,ERROR,Missing domain (scope),ERROR,PASS,PASS,ERROR,Missing tracker and usages,ERROR,Missing contact information,ERROR,PASS,Missing version IRI to check date,ERROR,ERROR,PASS,9 errors,ERROR,9.0,0.0,0.0,10.0,,Missing tracker and usages,,,,,,,,,,,,16.0,,,,,,Homepage URL (https://www.researchgate.net/publication/262004148_MaterialOntology) does not resolve,,,,,,,,,,,,,,,,,,,,,,,,,,,,,,,,,,,,,,,,,,,,owl2,ALU(D),true,AL,0,RDF/XML Syntax,0,false,30,https://raw.githubusercontent.com/ebrahimnorouzi/mseo.github.io/master/Ontology_files/matinfo/OML-MaterialInformation.owl#MaterialInformation,['IllegalPunning 1'],['prefix_unknown 86' 'rdfs 1' 'xsd 1'],['owl 1' 'prefix_unknown 1192' 'rdfs 1' 'xsd 1']
53,53,True,"['mvc', 'MVCALT']",True,2023-03-07 10:37:25.114389,https://raw.githubusercontent.com/stream-project/ontology/master/MatVoc-Core.ttl,mvc,f7913df96c4ce7a7633a07f46e20f46e2ab769721f6e58f324c376b75bf37dff,,75.0,,,,,3.0,29.0,,,,7.0,2.0,,,,18.0,12.0,,,6.0,,,,154.0,100.0,14.0,28.0,3.0,0.0,12.0,0.0,73.0,,,,,,,,,,,False,0.444,(1*impact+1*dashboard)/2,0.0,0.0,1.0,0.222,0.0,0.0,True,Turtle,,,,,,,,1.0,,,,124.0,,75.0,2.0,[],Missing registry license.,ERROR,WARN,0 invalid IRIs. The Ontology IRI is not valid.,fp3,ERROR,Missing version IRI,ERROR,Missing domain (scope),ERROR,PASS,PASS,PASS,Missing usages,ERROR,Missing contact information,ERROR,PASS,Missing version IRI to check date,ERROR,PASS,PASS,7 errors,ERROR,7.0,0.0,1.0,2.0,,,,,,"OWL syntax (Turtle), but should be RDF/XML",,,,,,,2.0,,,,,,,,,,,,,,,,,,,,,,,,,,,,,,,,,,,,,,,,,,,,,,,,,,,owl2,ALI(D),false,AL,0,Turtle,0,true,50,http://xmlns.com/foaf/0.1/Agent,['UseOfUndeclaredAnnotationProperty 11' 'UseOfUndeclaredClass 22'],['foaf 1' 'prefix_unknown 124' 'rdfs 75' 'skos 2' 'xsd 2'],"['dc 3' 'dc11 3' 'foaf 1' 'owl 1' 'prefix_unknown 44' 'rdf 1' 'rdfs 3'
 'schema 1' 'skos 1' 'xsd 1']"
54,54,True,"['mwo', 'MWOALT']",True,2023-03-07 10:37:36.393283,https://git.rwth-aachen.de/nfdi-matwerk/ta-oms/mwo/-/raw/main/ontology/mwo.owl,mwo,54508ef4511c8f3e7ec1724b01166b1d37f1546dc6a2c5cff2a57e4060257fad,,557.0,,2.0,,4.0,25.0,262.0,,,,7.0,21.0,,,,54.0,54.0,,8.0,92.0,8.0,4.0,,1113.0,100.0,45.0,115.0,29.0,5.0,74.0,0.0,465.0,,1.0,,,,,,,1.0,18.0,False,0.378,(1*impact+1*dashboard)/2,0.0,0.0,1.0,0.189,0.0,0.0,True,OWL Functional Syntax,13.0,152.0,,,,34.0,8.0,13.0,,44.0,8.0,752.0,,346.0,5.0,[],Missing registry license.,ERROR,WARN,0 invalid IRIs. The Ontology IRI is not valid.,fp3,ERROR,Missing version IRI,ERROR,Missing domain (scope),ERROR,PASS,PASS,PASS,Missing tracker and usages,ERROR,Missing contact information,ERROR,PASS,Missing version IRI to check date,ERROR,ERROR,PASS,8 errors,ERROR,8.0,0.0,1.0,3.0,11.0,Missing tracker and usages,,,,"OWL syntax (OWL Functional Syntax), but should be RDF/XML",,1.0,,,,2.0,13.0,,,,,,,,,,,,,32.0,,,,,,,,,,,,,,,,,,,,,,,,,,,,,,,,4.0,,,,,,owl2,ALCHIF(D),false,AL,0,OWL Functional Syntax,7,true,284,http://nfdi.fiz-karlsruhe.de/ontology/Person,['IllegalPunning 9' 'UseOfUndeclaredDataProperty 5'],"['BFO 13' 'IAO 152' 'NCIT 4' 'dc 34' 'dc11 8' 'foaf 13' 'oboInOwl 44'
 'owl 8' 'prefix_unknown 752' 'rdfs 346' 'schema 32' 'skos 13' 'xsd 5']","['BFO 3' 'IAO 11' 'NCIT 2' 'dc 11' 'dc11 6' 'foaf 4' 'oboInOwl 7' 'owl 2'
 'prefix_unknown 207' 'rdf 1' 'rdfs 4' 'schema 8' 'skos 3' 'xsd 4']"
55,55,True,"['nfdicore', 'NFDICOREALT']",True,2023-03-07 10:37:32.858050,https://raw.githubusercontent.com/ISE-FIZKarlsruhe/nfdicore/main/nfdicore.ttl,nfdicore,ba3e840e4e4a90141c1be8493187f7da3711fdd942dbb43c1cc803fb0dea4664,,187.0,,,,5.0,4.0,105.0,,,,,24.0,,,,29.0,28.0,,,20.0,4.0,2.0,,411.0,100.0,12.0,34.0,4.0,5.0,54.0,0.0,150.0,,,,,,,,,,11.0,True,0.444,(1*impact+1*dashboard)/2,0.0,0.0,1.0,0.222,0.0,0.0,True,Turtle,,,,,,2.0,3.0,,,,3.0,355.0,,159.0,1.0,[],Missing ontology license. Missing registry license.,ERROR,WARN,0 invalid IRIs. The Ontology IRI is not valid.,fp3,ERROR,Missing version IRI,ERROR,Missing domain (scope),ERROR,PASS,PASS,PASS,Missing usages,ERROR,Missing contact information,ERROR,PASS,Missing version IRI to check date,ERROR,PASS,PASS,7 errors,ERROR,7.0,0.0,1.0,3.0,,,,,,"OWL syntax (Turtle), but should be RDF/XML",,,,,,,1.0,,,,,,,,,,,,,14.0,,,,,,,,,,,,,,,,,,,,,,,,,,,,,,,,,,,,,1.0,owl2_dl,ALUHI(D),false,AL,0,Turtle,5,false,119,https://nfdi.fiz-karlsruhe.de/ontology/Place,[],"['dc 2' 'dc11 3' 'owl 3' 'prefix_unknown 355' 'rdfs 159' 'schema 14'
 'skos 1' 'void 1' 'xsd 1']","['dc 2' 'dc11 3' 'owl 2' 'prefix_unknown 94' 'rdf 1' 'rdfs 3' 'schema 4'
 'skos 1' 'void 1' 'xsd 1']"
56,56,True,"['ontorule', 'ONTORULEALT']",True,2023-03-07 10:36:28.911539,https://raw.githubusercontent.com/ebrahimnorouzi/mseo.github.io/master/Ontology_files/ONTORULEsteel.ttl,ontorule,47164811346e1ec79eb7ff6debd366f900861be4894f54cc18dc8e00788cdd55,,108.0,,,,26.0,14.0,78.0,,2.0,,,3.0,,,,10.0,10.0,,,16.0,10.0,,,361.0,100.0,8.0,24.0,26.0,13.0,11.0,0.0,120.0,,,,,,,,,,,False,0.311,(1*impact+1*dashboard)/2,0.0,0.0,1.0,0.155,0.0,0.0,True,Turtle,,,,,,2.0,,,,,30.0,344.0,9.0,110.0,22.0,[],Missing ontology license. Missing registry license.,ERROR,WARN,0 invalid IRIs. The Ontology IRI is not valid.,fp3,ERROR,Missing version IRI,ERROR,Missing domain (scope),ERROR,PASS,PASS,ERROR,Missing tracker and usages,ERROR,Missing contact information,ERROR,PASS,Missing version IRI to check date,ERROR,ERROR,PASS,9 errors,ERROR,9.0,0.0,1.0,22.0,25.0,Missing tracker and usages,6.0,,,"OWL syntax (Turtle), but should be RDF/XML",,22.0,,,,,,9.0,,,,,,Missing homepage,,,,,,,,,,,,,,,,,,,,,,,,,,,,,,,,,,,,,,,,,,,,owl2,ALCHIF(D),false,AL,0,Turtle,27,false,175,http://ontorule-project.eu/resources/steel#ProductType,['UseOfUndeclaredAnnotationProperty 5'],['dc 2' 'owl 30' 'prefix_unknown 344' 'rdf 9' 'rdfs 110' 'xsd 22'],['dc 4' 'owl 4' 'prefix_unknown 72' 'rdf 1' 'rdfs 2' 'xsd 3']
57,57,True,"['m4i', 'OPMWALT']",True,2023-03-07 10:37:39.190348,https://www.opmw.org/model/OPMW/opmw3.1.owl,opmw,c5fa0b298ea232f74c9f0d0f9ed4df527ac9396bc53fd338da0c8813321a4757,,944.0,,2.0,,9.0,31.0,217.0,,15.0,,2.0,9.0,,,3.0,91.0,84.0,,8.0,91.0,72.0,,1.0,1678.0,100.0,30.0,64.0,36.0,12.0,102.0,6.0,512.0,,10.0,,,,,,,13.0,12.0,False,0.4,(1*impact+1*dashboard)/2,0.0,0.0,1.0,0.2,0.0,0.0,True,RDF/XML Syntax,,,,,,8.0,2.0,2.0,,,19.0,706.0,9.0,553.0,37.0,[],Missing registry license.,ERROR,PASS,0 invalid IRIs. The Ontology IRI is not valid.,fp3,ERROR,Missing version IRI,ERROR,Missing domain (scope),ERROR,PASS,PASS,PASS,Missing tracker and usages,ERROR,Missing contact information,ERROR,PASS,Missing version IRI to check date,ERROR,ERROR,PASS,8 errors,ERROR,8.0,0.0,0.0,30.0,4.0,Missing tracker and usages,17.0,5.0,19.0,,,19.0,,2.0,,3.0,,5.0,,,,1.0,,,,,,,915.0,,,,,,,,,,,,,,,,,,,,,,,,,,,,,,,,,,,,,,4.0,owl2,SRIN(D),false,AL,0,RDF/XML Syntax,7,false,96,http://purl.org/net/p-plan#Variable,"['IllegalPunning 9' 'UseOfUndeclaredAnnotationProperty 7'
 'UseOfUndeclaredClass 3' 'UseOfUndeclaredDatatype 4'
 'UseOfUndeclaredObjectProperty 7']",['dc 2' 'owl 7' 'prefix_unknown 185' 'prov 7' 'rdfs 68' 'xsd 19'],"['dc 6' 'dc11 2' 'foaf 2' 'owl 3' 'prefix_unknown 127' 'prov 98' 'rdf 1'
 'rdfs 5' 'void 2' 'xsd 6']"
58,58,True,"['periodictable', 'PERIODICTABLEALT']",True,2023-03-07 10:36:12.131371,http://www.daml.org/2003/01/periodictable/PeriodicTable.owl,periodictable,5c7eeeb723168d837353e65e06b77a225fa3b8e30bc7134b7e1b26a36f259727,,2.0,,,,156.0,,19.0,,,,3.0,,,,823.0,,,,,22.0,,,,1756.0,100.0,3.0,7.0,7.0,156.0,6.0,0.0,197.0,,7.0,,3.0,,,,3.0,,,True,0.4,(1*impact+1*dashboard)/2,0.0,0.0,1.0,0.2,0.0,0.0,True,RDF/XML Syntax,,,,,,,,,,,3.0,4327.0,,6.0,739.0,[],Missing ontology license. Missing registry license.,ERROR,PASS,0 invalid IRIs. The Ontology IRI is not valid.,fp3,ERROR,Missing version IRI,ERROR,Missing domain (scope),ERROR,PASS,PASS,PASS,Missing tracker and usages,ERROR,Missing contact information,ERROR,PASS,Missing version IRI to check date,ERROR,ERROR,PASS,8 errors,ERROR,8.0,0.0,0.0,,,Missing tracker and usages,,,,,,,,8.0,4.0,,,731.0,,,,,,,,,,,,,,,,,,,,,,,,,,,,,,,,,,,,,,,,,,,,,,,,,,owl2_dl,ALUON(D),false,AL,0,RDF/XML Syntax,0,true,1735,http://www.daml.org/2003/01/periodictable/PeriodicTable#Classification,[],['owl 3' 'prefix_unknown 4327' 'rdfs 6' 'xsd 739'],['owl 2' 'prefix_unknown 175' 'rdf 1' 'rdfs 3' 'xsd 3']
59,59,True,"['ssos', 'SSOSALT']",True,2023-03-07 10:37:41.785840,https://groups.niso.org/higherlogic/ws/public/download/26422/SSOS01.owl,ssos,51592cd5f6375ff0ecbe6a014ef5d59faab9e91ad4ae167d82712e34dea6c207,,79.0,,,,,3.0,76.0,,6.0,,,1.0,,,,1.0,4.0,,,23.0,13.0,,1.0,244.0,100.0,3.0,27.0,21.0,0.0,19.0,0.0,100.0,,,,,,,,,,,True,0.311,(1*impact+1*dashboard)/2,0.0,0.0,1.0,0.155,0.0,0.0,True,OWL/XML Syntax,,,,,,,,,,,20.0,213.0,1.0,65.0,26.0,[],Missing ontology license. Missing registry license.,ERROR,WARN,0 invalid IRIs. The Ontology IRI is not valid.,fp3,ERROR,Missing version IRI,ERROR,Missing domain (scope),ERROR,PASS,PASS,ERROR,Missing tracker and usages,ERROR,Missing contact information,ERROR,PASS,Missing version IRI to check date,ERROR,ERROR,PASS,9 errors,ERROR,9.0,0.0,1.0,20.0,17.0,Missing tracker and usages,,,,"OWL syntax (OWL/XML Syntax), but should be RDF/XML",,,,1.0,,,16.0,,,,,,,Homepage URL (https://www.niso.org/standards-committees/ssos) does not resolve,,,,,,,,,,,,,,,,,,,,,,,,,,,,,,,,,,,,,,,,,,,,owl2_rl,SHI(D),false,D,0,OWL/XML Syntax,17,false,89,https://www.niso.org/standards-committees/ssos/ssos01.owl#Standard,[],['owl 20' 'prefix_unknown 213' 'rdf 1' 'rdfs 65' 'skos 16' 'xsd 26'],['owl 3' 'prefix_unknown 65' 'rdf 1' 'rdfs 1' 'skos 1' 'xsd 5']
